FSN,Radio,Mobile,Sewing_Machine,Watch,Chairs,Tables,Cot_Bed,Motor_Cycle
46646,-1,-1,-1,-1,-1,-1,1,-1
46647,-1,1,-1,-1,1,1,2,-1
46648,-1,-1,-1,1,-1,-1,3,-1
46649,-1,-1,-1,-1,-1,-1,1,-1
46650,-1,1,-1,-1,-1,-1,3,-1
46651,-1,-1,-1,-1,-1,-1,1,-1
46652,-1,1,-1,-1,1,1,2,-1
46653,-1,-1,-1,-1,2,1,-1,-1
46654,-1,-1,-1,-1,-1,-1,2,-1
46655,-1,1,-1,1,2,1,3,1
46656,-1,1,-1,1,2,-1,2,-1
46657,-1,-1,-1,-1,2,1,2,-1
46658,-1,1,-1,-1,2,-1,2,1
46660,-1,1,-1,-1,3,1,3,-1
46661,-1,1,-1,-1,5,3,4,-1
46662,1,1,-1,2,4,2,5,-1
46663,-1,-1,-1,-1,-1,-1,2,-1
46664,-1,1,-1,-1,2,-1,4,-1
46667,-1,1,-1,1,4,1,5,-1
46669,-1,-1,1,-1,-1,1,2,-1
46670,-1,-1,-1,-1,1,1,2,-1
46671,-1,-1,-1,-1,2,1,1,-1
46672,-1,-1,-1,1,2,1,1,-1
46673,-1,-1,-1,-1,-1,1,2,-1
46674,1,1,-1,1,2,1,3,-1
46675,1,1,-1,1,2,1,-1,-1
46676,-1,1,-1,1,2,1,5,-1
46678,-1,1,-1,-1,2,1,4,-1
46679,-1,1,-1,-1,1,1,2,-1
46680,-1,-1,-1,1,2,1,3,-1
46681,-1,-1,-1,-1,-1,-1,1,-1
46682,-1,1,-1,-1,2,1,5,-1
46683,-1,-1,-1,-1,1,1,3,-1
46685,-1,1,-1,1,2,1,3,1
46686,-1,-1,1,1,-1,-1,1,-1
46687,-1,-1,-1,1,-1,-1,1,-1
46688,1,1,-1,-1,2,1,1,-1
46689,-1,-1,-1,1,-1,-1,2,-1
46690,-1,-1,-1,-1,2,1,2,-1
46691,-1,-1,-1,-1,-1,-1,1,-1
46692,-1,-1,-1,-1,-1,-1,2,-1
46693,-1,1,-1,1,-1,-1,1,-1
46694,-1,1,-1,-1,2,1,1,-1
46695,-1,-1,-1,1,-1,-1,2,-1
46697,-1,1,-1,-1,-1,-1,1,-1
46698,-1,-1,-1,-1,-1,-1,1,-1
46699,-1,-1,-1,1,2,1,1,-1
46700,-1,1,-1,1,-1,-1,2,-1
46701,-1,-1,-1,-1,-1,-1,2,-1
46702,-1,-1,-1,1,2,-1,2,-1
46703,-1,1,-1,1,2,1,2,-1
46704,-1,-1,-1,-1,-1,-1,3,-1
46705,-1,1,-1,-1,-1,-1,3,-1
46707,-1,1,-1,1,2,1,3,-1
46708,-1,1,-1,1,5,1,4,-1
46709,-1,-1,-1,-1,-1,-1,2,-1
46710,-1,-1,-1,-1,1,1,2,-1
46711,-1,1,-1,-1,-1,1,2,-1
46712,-1,-1,-1,-1,-1,-1,2,-1
46713,-1,-1,-1,-1,-1,-1,1,-1
46714,-1,1,-1,-1,-1,-1,2,-1
46715,-1,-1,-1,-1,-1,-1,1,-1
46716,-1,-1,-1,-1,-1,-1,1,-1
46717,-1,1,-1,-1,2,-1,4,-1
46718,-1,1,-1,-1,-1,-1,2,-1
46719,-1,-1,-1,-1,-1,-1,3,-1
46720,-1,-1,-1,1,2,-1,3,-1
46721,-1,-1,-1,-1,-1,-1,2,-1
46722,-1,1,-1,-1,2,1,5,-1
46723,-1,1,1,-1,1,1,3,-1
46724,-1,1,-1,-1,-1,-1,1,-1
46725,-1,-1,-1,-1,1,-1,3,-1
46726,-1,-1,-1,-1,-1,-1,2,-1
46727,-1,-1,-1,-1,-1,-1,2,-1
46728,-1,1,-1,1,-1,-1,2,-1
46729,-1,1,-1,1,-1,-1,5,-1
46730,-1,-1,-1,1,-1,-1,1,-1
46731,-1,-1,-1,1,-1,-1,-1,-1
46732,-1,1,-1,-1,-1,1,1,-1
46733,-1,1,-1,-1,-1,-1,1,-1
46734,-1,-1,-1,-1,-1,-1,2,-1
46735,-1,1,-1,1,-1,-1,3,-1
46736,-1,1,-1,-1,-1,-1,2,1
46737,-1,1,-1,-1,-1,-1,3,-1
46738,-1,1,-1,1,2,1,1,-1
46739,-1,1,-1,-1,2,1,1,-1
46740,-1,-1,-1,-1,1,1,1,-1
46741,-1,-1,-1,-1,2,1,1,-1
46742,-1,1,2,1,-1,-1,3,-1
46743,-1,1,-1,-1,-1,-1,3,-1
46744,1,-1,-1,-1,2,3,4,1
46745,1,1,-1,1,4,1,3,-1
46746,-1,1,-1,-1,-1,-1,1,-1
46747,-1,-1,-1,-1,-1,-1,1,-1
46748,-1,-1,-1,-1,-1,-1,1,-1
46749,-1,-1,-1,-1,2,-1,2,-1
46750,-1,1,-1,-1,2,-1,5,-1
46751,-1,-1,-1,-1,-1,-1,1,-1
46752,1,1,-1,1,-1,-1,4,-1
46753,-1,1,-1,-1,-1,-1,2,-1
46754,-1,1,-1,-1,-1,-1,3,-1
46755,-1,-1,-1,-1,-1,-1,-1,-1
46756,-1,-1,-1,-1,-1,-1,1,-1
46757,-1,-1,-1,-1,-1,-1,1,-1
46758,-1,1,-1,-1,-1,-1,1,-1
46759,1,1,-1,-1,1,-1,1,-1
46760,1,1,-1,-1,2,1,-1,-1
46761,1,1,-1,-1,-1,1,2,-1
46762,-1,1,-1,-1,2,-1,2,-1
46763,-1,1,-1,-1,-1,-1,2,-1
46764,-1,-1,-1,-1,-1,-1,-1,-1
46765,-1,-1,-1,-1,2,-1,2,-1
46767,-1,-1,-1,1,2,-1,2,1
46768,-1,-1,-1,-1,2,1,3,-1
46769,1,-1,-1,-1,-1,-1,1,-1
46770,-1,-1,-1,-1,-1,-1,1,-1
46771,1,-1,-1,1,-1,-1,2,-1
46772,1,-1,-1,3,1,1,3,-1
46774,-1,-1,-1,-1,-1,-1,1,-1
46775,-1,-1,-1,-1,1,-1,1,-1
46776,-1,1,-1,-1,-1,-1,1,-1
46777,-1,1,-1,1,-1,-1,2,-1
46780,-1,1,-1,1,1,-1,-1,-1
46782,-1,1,-1,-1,4,-1,2,-1
46783,1,1,-1,-1,2,-1,1,-1
46785,-1,-1,-1,1,2,-1,2,-1
46786,-1,1,-1,1,1,1,4,-1
46787,-1,1,-1,-1,-1,-1,1,-1
46788,1,1,1,1,4,1,4,-1
46789,-1,1,-1,-1,-1,-1,2,-1
46790,1,2,-1,-1,4,1,6,1
46791,-1,-1,-1,-1,-1,-1,1,-1
46792,-1,1,-1,-1,-1,-1,1,-1
46793,-1,1,-1,-1,-1,-1,1,-1
46794,-1,-1,-1,-1,1,-1,2,-1
46795,-1,1,-1,-1,2,-1,2,-1
46796,-1,1,-1,-1,-1,-1,4,-1
46797,-1,1,-1,-1,-1,-1,1,-1
46798,1,1,-1,1,2,1,1,-1
46799,1,2,-1,1,6,1,7,-1
46800,-1,1,-1,-1,-1,-1,2,-1
46801,-1,-1,-1,-1,-1,-1,2,-1
46802,-1,1,-1,-1,2,1,3,-1
46803,-1,-1,-1,-1,-1,1,2,-1
46804,-1,-1,-1,-1,-1,-1,-1,-1
46805,-1,1,-1,-1,-1,-1,2,-1
46806,-1,1,-1,1,1,-1,2,-1
46807,-1,1,-1,-1,3,1,4,-1
46808,1,1,-1,1,-1,-1,1,-1
46809,-1,-1,-1,-1,-1,-1,2,-1
46810,-1,-1,-1,-1,-1,-1,2,-1
46811,-1,1,-1,-1,2,-1,3,-1
46812,-1,-1,-1,-1,-1,-1,1,-1
46813,-1,-1,-1,-1,-1,-1,2,-1
46814,-1,-1,-1,-1,2,1,1,-1
46815,-1,-1,-1,-1,-1,-1,2,-1
46816,-1,-1,-1,-1,-1,-1,2,-1
46817,-1,-1,-1,-1,2,-1,2,-1
46818,-1,-1,-1,-1,-1,-1,2,-1
46820,-1,-1,-1,-1,-1,-1,1,-1
46821,-1,2,-1,1,2,-1,4,-1
46822,-1,-1,-1,-1,-1,-1,2,-1
46823,-1,-1,-1,-1,-1,-1,1,-1
46824,-1,-1,-1,-1,-1,-1,2,-1
46825,-1,-1,-1,-1,-1,-1,2,-1
46826,-1,-1,-1,-1,-1,-1,2,-1
46827,-1,-1,-1,-1,-1,-1,1,-1
46828,-1,1,-1,-1,-1,-1,3,-1
46829,-1,-1,-1,-1,-1,-1,2,-1
46830,-1,-1,-1,-1,-1,-1,3,-1
46831,-1,1,-1,1,2,1,4,-1
46832,-1,-1,-1,-1,1,1,2,-1
46833,-1,-1,-1,-1,-1,-1,2,-1
46834,-1,-1,-1,-1,-1,-1,2,-1
46835,-1,-1,-1,1,3,1,3,-1
46836,-1,1,-1,1,-1,-1,3,-1
46837,-1,-1,-1,-1,-1,-1,2,-1
46838,-1,1,-1,-1,-1,-1,-1,-1
46839,-1,-1,-1,1,2,1,2,-1
46840,-1,1,-1,2,2,1,4,-1
46841,-1,-1,-1,-1,1,-1,2,-1
46842,1,1,-1,2,4,2,4,1
46843,-1,1,-1,1,3,2,3,1
46844,-1,1,-1,-1,1,-1,2,-1
46845,-1,1,-1,1,4,1,5,-1
46846,-1,-1,-1,-1,-1,-1,2,-1
46847,-1,1,-1,-1,2,1,2,-1
46848,-1,1,-1,-1,-1,1,3,-1
46849,-1,1,-1,1,-1,1,2,-1
46850,-1,-1,-1,-1,1,1,2,-1
46851,-1,1,-1,1,1,1,3,-1
46852,-1,1,-1,1,40,1,3,-1
46853,-1,1,-1,1,1,-1,2,-1
46854,-1,1,-1,-1,1,-1,3,-1
46855,1,1,1,2,-1,2,3,1
46856,1,1,-1,2,5,2,4,1
46857,1,-1,-1,-1,2,-1,2,-1
46858,-1,1,-1,1,4,2,4,-1
46859,-1,1,-1,1,1,1,2,-1
46860,-1,-1,-1,1,2,1,2,-1
46861,-1,1,-1,1,1,1,2,-1
46862,-1,-1,-1,-1,-1,-1,3,-1
46863,-1,-1,-1,-1,-1,-1,3,-1
46864,-1,-1,-1,-1,-1,-1,2,-1
46865,-1,-1,-1,-1,-1,-1,1,-1
46866,1,1,-1,2,2,2,5,-1
46867,1,1,-1,1,2,1,3,-1
46868,-1,1,-1,-1,2,1,2,-1
46869,1,1,-1,-1,2,-1,3,-1
46870,-1,1,-1,-1,2,-1,2,-1
46871,-1,1,1,1,-1,-1,4,-1
46872,-1,1,-1,1,-1,-1,4,-1
46873,-1,-1,-1,-1,-1,-1,2,1
46874,-1,-1,-1,-1,-1,-1,2,-1
46875,-1,-1,-1,-1,3,1,1,-1
46876,-1,-1,-1,-1,-1,-1,1,-1
46877,-1,-1,-1,-1,-1,-1,2,-1
46878,1,1,-1,2,1,1,4,-1
46879,-1,-1,-1,-1,-1,-1,1,-1
46880,1,1,-1,1,-1,-1,1,-1
46881,-1,-1,-1,-1,-1,-1,2,-1
46882,-1,2,1,1,2,-1,4,2
46883,-1,3,1,2,10,4,16,2
46884,1,1,-1,2,2,1,7,-1
46885,-1,-1,-1,-1,2,1,2,-1
46886,-1,2,-1,-1,6,2,4,1
46887,-1,-1,-1,-1,4,2,4,-1
46888,-1,-1,-1,-1,2,1,1,-1
46889,-1,1,-1,-1,13,3,-1,-1
46890,1,3,-1,5,9,4,8,2
46891,1,2,-1,1,4,2,5,-1
46892,1,2,-1,-1,2,1,1,-1
46893,1,1,1,1,4,1,5,-1
46894,-1,1,-1,-1,2,1,2,-1
46895,-1,-1,-1,-1,2,-1,1,-1
46896,-1,-1,-1,-1,1,-1,2,-1
46897,-1,-1,-1,-1,-1,-1,2,-1
46898,-1,-1,-1,-1,2,-1,3,-1
46899,-1,-1,-1,-1,1,-1,1,-1
46900,-1,-1,-1,-1,-1,-1,1,-1
46901,-1,-1,-1,-1,-1,-1,1,-1
46902,-1,-1,-1,-1,-1,-1,-1,-1
46903,-1,-1,-1,-1,-1,-1,1,-1
46904,-1,-1,-1,-1,-1,-1,3,-1
46905,-1,1,-1,-1,2,-1,2,-1
46906,-1,-1,-1,1,1,-1,2,-1
46907,-1,-1,-1,-1,-1,-1,4,-1
46908,-1,1,-1,-1,1,1,4,-1
46909,-1,-1,-1,-1,1,-1,1,-1
46910,-1,-1,-1,-1,1,-1,3,-1
46911,-1,-1,-1,-1,-1,1,1,-1
46912,-1,-1,-1,-1,-1,-1,2,-1
46913,-1,-1,-1,-1,1,-1,2,-1
46914,-1,-1,-1,-1,-1,-1,2,-1
46915,-1,1,-1,-1,-1,-1,5,-1
46916,-1,-1,-1,-1,-1,1,4,-1
46917,-1,1,-1,-1,1,-1,2,-1
46918,-1,-1,-1,2,1,-1,2,-1
46919,-1,1,-1,1,1,-1,3,-1
46920,-1,-1,-1,-1,2,1,2,-1
46921,-1,-1,-1,-1,-1,-1,3,-1
46922,-1,-1,-1,-1,-1,-1,2,-1
46923,-1,1,-1,-1,-1,-1,3,-1
46924,-1,-1,-1,-1,-1,-1,2,-1
46925,-1,1,-1,-1,-1,-1,2,-1
46926,-1,-1,-1,-1,-1,-1,3,-1
46927,-1,1,-1,-1,-1,-1,3,-1
46928,-1,-1,-1,-1,-1,-1,1,-1
46929,-1,1,-1,-1,-1,-1,3,-1
46930,-1,-1,-1,-1,-1,-1,1,-1
46931,-1,1,-1,1,2,-1,3,-1
46932,-1,-1,-1,-1,-1,-1,3,-1
46933,-1,1,-1,2,2,-1,5,-1
46934,-1,1,-1,-1,1,-1,2,-1
46935,-1,-1,-1,-1,-1,-1,1,-1
46936,-1,1,-1,-1,1,-1,2,-1
46937,-1,-1,-1,-1,2,1,2,-1
46938,1,1,-1,-1,-1,-1,2,-1
46939,1,-1,-1,-1,-1,-1,1,-1
46942,-1,-1,-1,-1,-1,-1,2,-1
46943,-1,-1,-1,-1,-1,-1,1,-1
46944,-1,-1,-1,-1,-1,-1,2,-1
46945,-1,-1,-1,-1,-1,-1,1,-1
46946,-1,1,-1,-1,-1,-1,1,-1
46947,-1,1,-1,-1,1,-1,4,-1
46948,-1,-1,-1,-1,-1,-1,1,-1
46950,-1,-1,-1,-1,-1,-1,1,-1
46951,-1,-1,-1,-1,-1,-1,1,-1
46952,-1,1,-1,-1,-1,-1,2,-1
46953,-1,-1,-1,-1,-1,2,2,-1
46954,-1,-1,-1,-1,-1,-1,2,-1
46955,-1,1,-1,-1,-1,-1,4,-1
46956,-1,-1,-1,-1,-1,-1,2,-1
46957,-1,-1,-1,-1,-1,-1,3,-1
46959,-1,-1,-1,-1,-1,-1,3,-1
46960,-1,-1,-1,-1,-1,-1,2,-1
46961,-1,-1,-1,-1,-1,-1,2,-1
46962,-1,-1,-1,-1,-1,-1,2,-1
46963,-1,-1,-1,-1,-1,-1,2,-1
46964,-1,-1,-1,-1,-1,-1,2,-1
46966,-1,1,-1,-1,-1,-1,4,-1
46967,-1,1,-1,-1,-1,-1,4,-1
46968,-1,-1,-1,-1,-1,-1,2,-1
46969,-1,-1,-1,-1,1,-1,2,-1
46971,-1,-1,-1,-1,-1,-1,3,-1
46972,1,1,-1,-1,2,-1,2,-1
46973,-1,1,-1,-1,2,-1,4,-1
46974,1,1,-1,1,-1,-1,3,1
46975,-1,1,-1,-1,-1,-1,2,-1
46976,-1,1,-1,1,1,2,5,-1
46977,-1,1,1,1,3,1,8,-1
46978,-1,-1,-1,-1,2,1,2,-1
46979,-1,1,-1,-1,2,-1,2,-1
46980,1,1,-1,1,3,-1,3,-1
46981,-1,1,-1,1,1,1,4,-1
46982,-1,1,-1,-1,-1,-1,1,-1
46983,-1,-1,-1,-1,-1,-1,3,-1
46984,-1,-1,-1,-1,2,1,1,-1
46985,-1,-1,-1,-1,-1,-1,2,-1
46987,-1,1,-1,-1,-1,-1,3,-1
46988,-1,1,-1,-1,-1,-1,3,-1
46989,1,1,-1,-1,-1,-1,1,-1
46990,-1,-1,-1,-1,-1,-1,1,-1
46991,1,1,-1,-1,-1,-1,3,-1
46992,1,-1,-1,-1,-1,-1,2,-1
46993,-1,-1,-1,-1,-1,-1,2,-1
46994,-1,-1,-1,-1,-1,-1,1,-1
46995,-1,-1,-1,-1,-1,-1,2,-1
46996,-1,2,-1,-1,-1,-1,-1,-1
46997,-1,-1,-1,-1,-1,-1,1,-1
46998,-1,-1,-1,-1,-1,-1,1,-1
46999,-1,-1,-1,-1,-1,-1,1,-1
47000,-1,-1,-1,-1,-1,-1,1,-1
47001,-1,-1,-1,-1,-1,-1,1,-1
47002,-1,-1,-1,-1,-1,-1,2,-1
47005,-1,-1,1,-1,1,-1,2,-1
47007,-1,1,-1,-1,2,-1,2,-1
47008,-1,-1,-1,-1,-1,-1,1,-1
47009,-1,-1,-1,-1,2,1,1,-1
47010,-1,1,-1,-1,-1,-1,3,-1
47011,-1,-1,-1,-1,-1,-1,2,-1
47012,-1,-1,-1,-1,2,-1,1,-1
47013,-1,-1,-1,-1,-1,-1,2,-1
47014,-1,1,-1,-1,-1,-1,2,-1
47015,-1,-1,-1,-1,-1,-1,1,-1
47016,-1,2,-1,-1,-1,-1,2,-1
47017,-1,-1,-1,-1,-1,-1,2,-1
47018,-1,-1,-1,-1,-1,-1,1,-1
47019,-1,-1,-1,-1,-1,-1,1,-1
47021,-1,-1,-1,-1,-1,-1,2,-1
47022,-1,1,-1,1,2,1,3,-1
47023,-1,-1,-1,-1,1,1,3,-1
47024,-1,-1,-1,1,1,1,3,-1
47025,-1,-1,-1,-1,-1,-1,1,-1
47026,-1,-1,-1,-1,-1,-1,1,-1
47027,-1,-1,-1,-1,-1,-1,2,-1
47028,-1,-1,-1,-1,-1,-1,1,-1
47029,-1,1,-1,-1,-1,1,2,-1
47030,-1,1,-1,1,2,1,2,-1
47031,-1,-1,-1,-1,1,1,2,-1
47032,-1,-1,-1,-1,-1,1,2,-1
47033,-1,1,-1,-1,-1,-1,2,-1
47034,-1,-1,-1,-1,-1,-1,1,-1
47035,-1,-1,-1,-1,-1,-1,2,-1
47036,-1,-1,-1,-1,-1,-1,-1,-1
47037,-1,-1,-1,-1,-1,-1,-1,-1
47038,1,1,-1,1,-1,1,4,-1
47039,-1,-1,-1,-1,-1,-1,2,-1
47040,-1,-1,-1,-1,-1,-1,-1,-1
47041,-1,-1,-1,-1,-1,-1,1,-1
47042,-1,-1,-1,-1,-1,-1,1,-1
47043,-1,-1,-1,-1,-1,-1,2,-1
47044,-1,-1,-1,-1,-1,-1,2,-1
47045,-1,-1,-1,-1,-1,-1,-1,-1
47046,-1,-1,-1,-1,-1,-1,1,-1
47047,-1,-1,-1,-1,-1,-1,1,-1
47048,-1,-1,-1,-1,-1,-1,2,-1
47049,-1,1,-1,-1,2,-1,4,-1
47050,-1,-1,-1,-1,-1,-1,1,-1
47051,-1,-1,-1,-1,-1,-1,1,-1
47052,-1,-1,-1,-1,-1,-1,1,-1
47053,-1,-1,-1,1,-1,-1,-1,-1
47054,-1,-1,-1,-1,-1,-1,-1,-1
47055,-1,-1,-1,-1,-1,-1,1,-1
47056,-1,-1,-1,-1,-1,-1,1,-1
47057,-1,-1,-1,-1,-1,-1,1,-1
47058,-1,-1,-1,-1,-1,-1,-1,-1
47059,-1,-1,-1,-1,-1,-1,-1,-1
47060,-1,-1,-1,-1,-1,-1,-1,-1
47061,-1,-1,-1,-1,-1,-1,-1,-1
47062,1,-1,-1,-1,-1,-1,1,-1
47063,-1,-1,-1,-1,-1,-1,1,-1
47064,-1,-1,-1,-1,-1,-1,-1,-1
47065,-1,-1,-1,-1,-1,-1,-1,-1
47066,-1,-1,-1,-1,-1,-1,-1,-1
47067,-1,-1,-1,-1,-1,-1,-1,-1
47068,-1,-1,-1,-1,-1,-1,-1,-1
47069,-1,-1,-1,-1,-1,-1,-1,-1
47070,-1,1,-1,-1,-1,-1,2,-1
47071,-1,1,-1,-1,-1,-1,1,-1
47072,-1,1,-1,-1,-1,-1,-1,-1
47073,-1,1,-1,-1,-1,-1,-1,-1
47074,-1,-1,-1,-1,-1,-1,-1,-1
47075,-1,-1,-1,-1,-1,-1,-1,-1
47076,-1,-1,-1,-1,-1,-1,1,-1
47077,-1,-1,-1,-1,-1,-1,-1,-1
47078,-1,-1,-1,-1,-1,-1,-1,-1
47079,-1,-1,-1,-1,-1,-1,2,-1
47080,-1,-1,-1,-1,-1,-1,-1,-1
47081,-1,-1,-1,-1,-1,-1,1,-1
47082,-1,-1,-1,-1,-1,-1,1,-1
47083,-1,-1,-1,-1,-1,-1,1,-1
47084,-1,-1,-1,-1,-1,-1,2,-1
47085,-1,-1,-1,-1,-1,-1,1,-1
47086,1,1,-1,-1,4,1,4,1
47087,1,1,-1,-1,-1,-1,-1,-1
47088,-1,-1,-1,-1,-1,-1,1,-1
47089,-1,-1,-1,-1,-1,-1,1,-1
47090,-1,-1,-1,-1,-1,-1,-1,-1
47091,-1,-1,-1,-1,-1,-1,-1,-1
47092,-1,-1,-1,-1,-1,-1,1,-1
47093,-1,-1,-1,-1,-1,-1,-1,-1
47094,-1,-1,-1,-1,-1,-1,-1,-1
47095,-1,-1,-1,-1,-1,-1,-1,-1
47096,-1,-1,-1,-1,-1,-1,-1,-1
47097,-1,-1,-1,-1,-1,-1,-1,-1
47098,-1,-1,-1,-1,-1,-1,-1,-1
47099,-1,1,-1,-1,-1,-1,3,-1
47100,-1,-1,-1,-1,-1,-1,1,-1
47101,-1,-1,-1,-1,-1,-1,1,-1
47102,-1,-1,-1,-1,-1,-1,1,-1
47103,-1,1,-1,-1,-1,-1,1,-1
47104,-1,-1,-1,-1,-1,-1,1,-1
47105,-1,-1,-1,-1,-1,-1,1,-1
47106,-1,-1,-1,-1,-1,-1,2,-1
47107,-1,-1,-1,-1,-1,-1,1,-1
47108,-1,-1,-1,-1,-1,-1,1,-1
47109,-1,-1,-1,-1,-1,-1,1,-1
47110,-1,-1,-1,-1,-1,-1,-1,-1
47111,-1,-1,-1,-1,-1,-1,1,-1
47112,-1,-1,-1,-1,-1,-1,1,-1
47113,-1,1,-1,-1,-1,-1,1,-1
47114,-1,-1,-1,-1,-1,-1,-1,-1
47115,-1,-1,-1,-1,-1,-1,2,-1
47116,-1,-1,-1,-1,-1,-1,-1,-1
47117,-1,-1,-1,-1,-1,-1,-1,-1
47118,-1,-1,-1,-1,-1,-1,-1,-1
47119,-1,-1,-1,-1,-1,-1,1,-1
47120,-1,-1,-1,-1,-1,-1,1,-1
47121,-1,-1,-1,-1,-1,-1,1,-1
47122,-1,-1,-1,1,-1,-1,1,-1
47123,-1,-1,-1,-1,-1,-1,2,-1
47124,-1,-1,-1,-1,-1,-1,1,-1
47126,-1,-1,-1,-1,-1,-1,2,-1
47127,-1,-1,-1,-1,-1,-1,1,-1
47128,-1,1,-1,1,1,1,4,-1
47129,1,-1,-1,-1,-1,-1,2,-1
47130,-1,-1,-1,-1,-1,-1,4,-1
47131,-1,-1,-1,2,-1,-1,2,-1
47132,-1,-1,-1,-1,-1,-1,-1,-1
47133,-1,-1,-1,-1,-1,-1,1,-1
47134,-1,-1,-1,-1,-1,-1,1,-1
47135,-1,-1,-1,-1,-1,-1,1,-1
47136,-1,-1,-1,-1,-1,-1,5,-1
47137,-1,-1,-1,-1,-1,-1,1,-1
47138,-1,1,-1,-1,-1,-1,5,-1
47139,-1,-1,-1,1,-1,-1,4,-1
47140,-1,-1,-1,-1,-1,-1,2,-1
47141,-1,-1,-1,-1,-1,-1,4,-1
47142,-1,-1,-1,-1,-1,1,1,-1
47143,-1,-1,-1,-1,-1,-1,1,-1
47144,-1,-1,-1,-1,-1,-1,2,-1
47145,-1,1,-1,-1,-1,-1,2,-1
47146,1,1,-1,-1,2,-1,3,-1
47147,-1,-1,-1,-1,1,-1,2,-1
47149,-1,-1,-1,-1,-1,-1,1,-1
47150,-1,-1,-1,-1,-1,-1,1,-1
47153,1,1,-1,-1,4,1,2,-1
47154,-1,-1,-1,-1,2,1,5,-1
47155,-1,-1,-1,-1,2,-1,1,-1
47156,-1,1,1,-1,1,1,3,-1
47157,-1,-1,-1,-1,-1,1,3,-1
47158,-1,-1,-1,-1,-1,-1,2,-1
47159,-1,1,-1,3,5,1,8,1
47160,-1,1,-1,-1,2,1,3,-1
47161,1,1,-1,1,6,2,5,-1
47162,-1,-1,-1,2,3,1,3,-1
47163,-1,-1,-1,-1,2,1,1,-1
47165,1,-1,-1,1,-1,-1,4,-1
47166,-1,-1,-1,-1,-1,-1,2,-1
47168,-1,-1,-1,-1,-1,-1,2,-1
47169,-1,1,-1,1,5,2,5,-1
47170,-1,1,-1,2,2,2,4,1
47171,-1,-1,-1,-1,-1,-1,1,-1
47172,-1,-1,-1,-1,-1,-1,1,-1
47174,-1,1,-1,2,2,1,2,-1
47176,-1,-1,-1,-1,-1,2,2,-1
47177,-1,1,-1,1,2,1,3,-1
47178,-1,1,-1,1,-1,-1,2,-1
47179,-1,1,-1,1,5,2,1,1
47180,-1,1,-1,-1,2,1,3,-1
47181,-1,2,1,2,6,3,3,-1
47182,-1,-1,-1,-1,-1,-1,2,-1
47183,1,-1,-1,1,2,-1,3,-1
47184,-1,-1,-1,-1,-1,-1,1,-1
47185,-1,1,-1,-1,-1,-1,2,-1
47186,-1,1,-1,-1,-1,-1,2,-1
47187,1,-1,-1,1,-1,-1,2,-1
47188,-1,1,-1,1,-1,-1,2,-1
47189,-1,-1,-1,-1,-1,-1,2,-1
47190,-1,-1,-1,1,1,1,3,-1
47191,-1,-1,-1,-1,-1,-1,2,-1
47192,-1,-1,-1,-1,-1,-1,2,-1
47193,-1,-1,-1,-1,-1,-1,2,-1
47194,-1,-1,-1,-1,-1,-1,1,-1
47195,1,1,-1,1,2,1,3,-1
47196,-1,-1,-1,-1,-1,-1,2,-1
47197,-1,-1,-1,-1,-1,-1,3,-1
47198,-1,-1,-1,-1,-1,-1,-1,-1
47199,-1,-1,-1,-1,-1,-1,-1,-1
47200,-1,-1,-1,-1,-1,-1,2,-1
47201,-1,-1,-1,-1,-1,-1,1,-1
47202,-1,-1,-1,-1,-1,-1,1,-1
47203,-1,-1,-1,-1,-1,-1,1,-1
47204,-1,-1,-1,-1,-1,-1,1,-1
47205,-1,-1,-1,-1,-1,-1,2,-1
47206,-1,-1,-1,-1,-1,-1,2,-1
47207,-1,-1,-1,-1,-1,-1,1,-1
47208,-1,-1,-1,-1,-1,-1,3,-1
47209,-1,1,-1,-1,-1,-1,1,-1
47210,-1,-1,-1,-1,-1,-1,1,-1
47211,-1,1,-1,-1,-1,-1,3,-1
47212,-1,-1,-1,-1,-1,-1,1,-1
48296,-1,1,-1,-1,2,1,5,1
48297,-1,1,-1,-1,2,-1,2,-1
48298,1,1,-1,-1,4,1,3,1
48299,-1,1,-1,-1,-1,-1,3,-1
48300,1,1,-1,-1,-1,-1,2,-1
48301,-1,1,-1,-1,1,-1,3,-1
48302,-1,1,-1,-1,2,-1,3,-1
48303,-1,1,-1,-1,2,-1,3,-1
48304,-1,-1,-1,-1,-1,-1,1,-1
48305,1,1,-1,-1,2,1,4,-1
48306,-1,-1,-1,-1,-1,-1,2,-1
48307,-1,1,-1,-1,2,-1,3,-1
48308,-1,1,-1,-1,2,-1,4,-1
48309,-1,-1,-1,-1,1,-1,3,-1
48310,-1,-1,-1,-1,-1,-1,2,-1
48311,-1,1,-1,-1,1,-1,2,-1
48312,-1,-1,-1,-1,-1,-1,2,-1
48313,-1,1,-1,-1,-1,-1,2,-1
48314,-1,1,-1,-1,-1,-1,1,-1
48315,1,1,-1,-1,-1,-1,4,-1
48316,-1,-1,-1,-1,-1,-1,2,-1
48317,-1,1,-1,-1,-1,-1,2,-1
48318,1,1,-1,-1,2,-1,3,-1
48319,1,-1,-1,-1,1,-1,2,-1
48320,-1,-1,-1,-1,-1,-1,3,-1
48321,1,-1,-1,-1,-1,-1,2,-1
48322,-1,-1,-1,-1,-1,-1,1,-1
48323,-1,-1,-1,-1,-1,-1,2,-1
48324,-1,-1,-1,-1,-1,-1,1,-1
48325,-1,-1,-1,-1,-1,-1,1,-1
48326,-1,-1,-1,-1,-1,-1,4,-1
48327,1,1,-1,-1,4,2,3,-1
48328,-1,-1,-1,-1,-1,-1,2,-1
48329,-1,-1,-1,-1,-1,-1,3,-1
48330,-1,-1,-1,-1,-1,-1,2,-1
48331,-1,1,-1,-1,2,-1,3,-1
48332,-1,1,-1,-1,2,1,2,-1
48333,-1,-1,-1,-1,-1,-1,2,-1
48334,-1,-1,-1,-1,-1,-1,2,-1
48335,-1,-1,-1,-1,-1,-1,1,-1
48336,-1,-1,-1,-1,-1,-1,2,-1
48337,-1,1,-1,-1,-1,-1,2,-1
48338,-1,-1,-1,-1,-1,-1,2,-1
48339,-1,1,-1,-1,-1,1,4,-1
48340,1,1,-1,2,-1,-1,4,-1
48341,1,1,-1,1,-1,1,3,-1
48342,-1,1,-1,-1,-1,-1,4,-1
48343,1,1,-1,1,1,1,3,-1
48344,-1,1,-1,-1,1,1,4,-1
48345,-1,-1,-1,-1,1,-1,3,-1
48346,1,-1,-1,-1,-1,-1,4,-1
48347,1,1,-1,-1,-1,-1,4,-1
48348,-1,1,-1,-1,-1,-1,2,-1
48349,-1,-1,-1,1,2,1,4,-1
48350,1,1,-1,1,1,-1,2,-1
48353,-1,1,-1,-1,-1,-1,2,-1
48354,1,1,-1,1,2,1,5,-1
48355,-1,-1,-1,-1,-1,-1,2,-1
48356,1,1,-1,-1,-1,-1,3,-1
48357,-1,1,-1,1,-1,-1,1,-1
48358,-1,1,-1,-1,-1,-1,2,-1
48359,-1,-1,-1,-1,-1,-1,-1,-1
48360,-1,1,-1,-1,1,-1,2,-1
48361,-1,-1,-1,-1,-1,-1,1,-1
48362,-1,1,-1,-1,-1,-1,1,-1
48363,-1,1,-1,-1,-1,-1,2,-1
48364,-1,-1,-1,-1,-1,-1,1,-1
48365,-1,1,-1,-1,1,2,4,-1
48367,-1,-1,-1,-1,-1,-1,2,-1
48368,1,1,-1,-1,-1,-1,1,-1
48369,-1,-1,-1,-1,-1,-1,-1,-1
48370,-1,-1,-1,-1,-1,-1,2,-1
48371,-1,-1,-1,-1,-1,-1,3,-1
48372,-1,-1,-1,-1,-1,-1,2,-1
48373,-1,-1,-1,-1,-1,-1,1,-1
48374,-1,-1,-1,-1,-1,-1,-1,-1
48375,-1,-1,-1,-1,-1,-1,2,-1
48377,-1,1,-1,-1,-1,-1,4,1
48378,-1,-1,-1,-1,2,-1,3,-1
48379,-1,-1,-1,-1,-1,-1,-1,-1
48380,-1,-1,-1,-1,-1,-1,-1,-1
48381,-1,-1,-1,-1,-1,-1,-1,-1
48382,-1,-1,-1,-1,-1,-1,1,-1
48383,-1,-1,-1,-1,-1,-1,2,-1
48384,-1,1,-1,-1,4,-1,3,-1
48385,-1,1,-1,1,1,1,4,-1
48386,-1,1,-1,2,4,1,4,-1
48387,-1,-1,-1,1,-1,-1,5,-1
48388,-1,-1,-1,1,1,-1,3,-1
48389,-1,-1,-1,-1,-1,-1,3,-1
48390,-1,-1,-1,-1,-1,-1,1,-1
48391,-1,1,-1,-1,-1,-1,3,-1
48392,-1,-1,-1,-1,1,1,4,-1
48393,-1,1,-1,1,-1,-1,1,-1
48394,-1,-1,-1,-1,-1,-1,3,-1
48395,-1,-1,-1,-1,-1,-1,4,-1
48396,-1,-1,-1,-1,-1,-1,3,-1
48397,-1,-1,-1,-1,-1,-1,3,-1
48398,-1,1,-1,-1,2,1,2,-1
48399,-1,-1,-1,-1,-1,-1,2,-1
48400,-1,-1,-1,-1,-1,-1,2,-1
48401,-1,-1,-1,-1,-1,-1,2,-1
48402,-1,-1,-1,-1,-1,-1,2,-1
48403,-1,1,-1,-1,1,1,2,-1
48404,-1,-1,-1,-1,2,-1,5,-1
48405,-1,-1,-1,-1,-1,-1,1,-1
48406,-1,1,-1,1,2,1,2,1
48407,-1,-1,-1,1,2,1,2,-1
48408,-1,-1,-1,-1,-1,-1,2,-1
48409,-1,-1,-1,1,5,1,2,-1
48410,-1,3,-1,1,10,2,3,1
48411,-1,2,1,-1,5,1,3,1
48413,-1,-1,-1,-1,-1,-1,1,-1
48414,-1,-1,-1,-1,-1,-1,1,-1
48415,-1,-1,-1,-1,-1,1,1,-1
48416,-1,-1,-1,-1,-1,-1,3,-1
48417,-1,-1,-1,-1,-1,-1,2,-1
48418,-1,-1,-1,-1,-1,-1,2,-1
48419,1,1,-1,2,2,1,4,-1
48420,-1,-1,-1,-1,-1,-1,2,-1
48421,-1,-1,-1,-1,-1,-1,4,-1
48422,-1,-1,-1,-1,-1,-1,3,-1
48423,-1,-1,-1,-1,-1,-1,1,-1
48424,1,1,-1,1,2,-1,4,-1
48425,-1,-1,1,1,2,-1,3,-1
48426,-1,-1,-1,-1,1,-1,2,-1
48427,-1,-1,-1,-1,-1,-1,2,-1
48428,-1,1,-1,-1,1,-1,3,-1
48429,-1,1,-1,-1,-1,-1,3,-1
48430,-1,1,-1,1,-1,-1,5,-1
48431,-1,1,-1,-1,2,1,3,-1
48432,1,-1,-1,-1,1,1,6,-1
48433,-1,1,-1,1,2,1,8,-1
48434,-1,1,-1,-1,2,1,6,-1
48435,-1,1,-1,-1,2,1,4,-1
48436,1,1,-1,-1,2,-1,4,-1
48437,-1,-1,-1,-1,-1,-1,3,-1
48438,-1,-1,-1,-1,-1,-1,2,-1
48439,-1,-1,-1,-1,2,-1,3,-1
48440,-1,-1,-1,1,2,-1,1,-1
48441,-1,-1,-1,-1,-1,1,2,-1
48442,1,-1,-1,-1,-1,-1,2,-1
48443,-1,1,-1,-1,-1,-1,2,-1
48444,-1,-1,-1,1,-1,-1,2,-1
48445,-1,-1,-1,-1,-1,-1,1,-1
48446,-1,-1,-1,-1,2,-1,4,-1
48447,-1,-1,-1,-1,-1,-1,2,-1
48448,-1,1,-1,-1,-1,-1,4,-1
48449,-1,-1,-1,-1,-1,-1,2,-1
48450,-1,1,-1,-1,-1,-1,5,-1
48451,-1,-1,-1,-1,-1,-1,2,-1
48452,-1,-1,-1,-1,-1,-1,1,-1
48453,-1,-1,-1,-1,-1,-1,2,-1
48454,-1,-1,-1,-1,-1,-1,2,-1
48455,-1,-1,-1,-1,-1,-1,1,-1
48456,-1,-1,-1,-1,-1,-1,1,-1
48457,-1,-1,-1,-1,-1,-1,1,-1
48458,-1,-1,-1,-1,-1,-1,1,-1
48459,1,2,-1,-1,2,1,7,1
48460,-1,-1,-1,-1,-1,-1,3,-1
48461,-1,-1,-1,-1,1,-1,2,-1
48462,-1,-1,-1,-1,-1,-1,2,-1
48463,-1,-1,-1,-1,-1,-1,1,-1
48464,-1,-1,-1,-1,-1,-1,2,-1
48465,-1,-1,-1,-1,-1,-1,3,-1
48466,-1,1,-1,-1,-1,-1,3,-1
48467,-1,-1,-1,-1,1,1,2,-1
48468,-1,-1,-1,-1,-1,-1,2,-1
48469,-1,-1,-1,-1,-1,-1,-1,-1
48470,1,1,-1,1,4,2,4,1
48471,1,1,-1,-1,3,1,5,-1
48472,-1,-1,-1,-1,-1,-1,1,-1
48473,-1,1,-1,1,1,-1,4,-1
48474,-1,1,-1,-1,-1,-1,3,-1
48475,1,-1,-1,2,-1,-1,4,-1
48476,-1,1,-1,-1,-1,-1,2,-1
48477,-1,-1,-1,-1,-1,-1,2,-1
48478,-1,-1,-1,-1,-1,-1,2,-1
48479,-1,1,-1,-1,-1,-1,2,-1
48480,-1,-1,-1,-1,-1,-1,2,-1
48481,-1,-1,-1,-1,-1,-1,2,-1
48482,-1,-1,-1,-1,-1,-1,2,-1
48483,-1,-1,-1,-1,2,1,4,-1
48484,-1,-1,-1,-1,-1,-1,3,-1
48485,-1,-1,-1,-1,1,-1,2,-1
48486,-1,-1,-1,-1,-1,-1,1,-1
48487,-1,-1,-1,-1,-1,-1,1,-1
48488,-1,1,-1,-1,-1,-1,3,-1
48489,-1,-1,-1,-1,-1,-1,2,-1
48490,-1,-1,-1,-1,-1,-1,2,-1
48491,-1,-1,-1,-1,-1,-1,3,-1
48492,-1,-1,-1,-1,-1,-1,2,-1
48493,-1,-1,-1,-1,-1,-1,3,-1
48494,-1,-1,-1,-1,-1,-1,1,-1
48495,-1,1,-1,-1,1,-1,4,-1
48496,-1,-1,-1,-1,-1,-1,2,-1
48497,-1,-1,-1,-1,-1,-1,1,-1
48498,1,1,-1,1,3,2,6,1
48500,-1,-1,-1,-1,-1,-1,2,-1
48501,1,1,-1,-1,-1,-1,2,-1
48502,-1,1,-1,-1,-1,-1,2,-1
48503,-1,-1,-1,-1,-1,-1,2,-1
48504,-1,-1,-1,-1,-1,-1,3,-1
48505,-1,-1,-1,-1,-1,-1,2,-1
48506,-1,1,-1,-1,-1,-1,4,-1
48507,-1,-1,-1,-1,-1,-1,2,-1
48508,-1,-1,-1,-1,-1,-1,2,-1
48509,-1,-1,-1,-1,-1,-1,4,-1
48510,-1,-1,-1,-1,-1,-1,2,-1
48511,-1,-1,-1,-1,-1,-1,1,-1
48512,-1,-1,-1,-1,-1,-1,2,-1
48513,-1,1,-1,-1,-1,-1,2,-1
48514,-1,-1,-1,-1,-1,-1,2,-1
48515,-1,-1,-1,1,-1,-1,2,-1
48516,-1,1,-1,-1,-1,-1,1,-1
48517,-1,-1,-1,-1,1,-1,4,-1
48518,-1,1,1,2,4,2,5,1
48519,-1,-1,-1,-1,-1,-1,2,-1
48520,-1,-1,-1,-1,-1,-1,2,-1
48521,-1,-1,-1,-1,-1,-1,1,-1
48522,-1,1,-1,-1,-1,-1,1,-1
48523,-1,-1,-1,-1,-1,-1,2,-1
48524,-1,-1,-1,-1,-1,-1,1,-1
48525,-1,2,-1,-1,4,-1,1,-1
48526,-1,-1,-1,-1,-1,-1,3,-1
48527,-1,-1,-1,-1,-1,-1,2,-1
48528,-1,-1,-1,-1,-1,-1,3,-1
48529,-1,-1,-1,-1,-1,-1,1,-1
48530,-1,-1,-1,-1,-1,-1,1,-1
48531,-1,-1,-1,-1,-1,-1,1,-1
48532,-1,-1,-1,-1,-1,-1,-1,-1
48533,-1,-1,-1,-1,-1,-1,1,-1
48534,-1,-1,-1,-1,-1,-1,-1,-1
48535,-1,-1,-1,-1,-1,-1,-1,-1
48536,-1,-1,-1,-1,-1,-1,4,-1
48537,-1,-1,-1,-1,-1,-1,3,-1
48538,-1,1,-1,-1,-1,-1,2,-1
48539,-1,-1,-1,-1,-1,-1,4,-1
48540,-1,-1,-1,-1,-1,-1,1,-1
48541,-1,-1,-1,-1,-1,-1,1,-1
48542,-1,-1,-1,-1,-1,-1,2,-1
48543,-1,-1,-1,-1,-1,-1,3,-1
48544,-1,-1,-1,-1,1,-1,2,1
48545,-1,1,-1,-1,2,-1,3,1
48546,-1,1,-1,-1,1,-1,4,-1
48547,-1,1,-1,-1,2,1,3,-1
48548,1,1,-1,-1,1,1,8,1
48549,-1,-1,-1,-1,-1,-1,2,-1
48550,-1,-1,-1,-1,-1,-1,2,-1
48551,-1,-1,-1,-1,-1,-1,5,-1
48552,-1,-1,-1,-1,1,-1,2,-1
48553,-1,-1,-1,-1,-1,-1,3,-1
48554,-1,-1,-1,-1,-1,-1,2,-1
48555,-1,-1,-1,1,-1,-1,3,-1
48556,-1,-1,-1,-1,-1,-1,2,-1
48557,-1,1,-1,-1,1,-1,5,-1
48558,-1,1,-1,-1,-1,-1,3,-1
48559,-1,1,-1,-1,-1,-1,2,-1
48560,-1,-1,-1,-1,-1,-1,3,-1
48561,-1,1,-1,-1,1,-1,4,-1
48562,-1,1,-1,-1,-1,-1,2,-1
48563,-1,1,-1,-1,1,-1,4,-1
48564,-1,1,-1,-1,4,1,3,-1
48565,-1,1,-1,-1,4,1,3,1
48566,-1,1,-1,-1,-1,-1,1,-1
48567,1,-1,-1,1,-1,-1,3,-1
48568,-1,-1,-1,1,-1,-1,2,-1
48569,-1,1,-1,1,2,-1,4,-1
48570,-1,1,-1,-1,-1,-1,2,-1
48571,-1,1,-1,-1,-1,-1,2,-1
48572,-1,1,-1,1,2,1,3,-1
48573,-1,1,-1,1,-1,-1,2,-1
48574,-1,-1,-1,-1,-1,-1,2,-1
48575,-1,-1,-1,1,-1,1,2,-1
48576,-1,-1,-1,-1,1,-1,3,-1
48577,-1,1,-1,-1,-1,-1,2,-1
48578,-1,1,-1,-1,-1,-1,3,-1
48579,-1,1,-1,-1,-1,-1,4,-1
48580,-1,-1,-1,1,-1,-1,3,-1
48581,-1,1,-1,-1,2,1,1,-1
48582,-1,1,-1,-1,-1,-1,3,-1
48583,-1,1,-1,-1,-1,-1,4,-1
48584,-1,-1,-1,-1,-1,-1,2,-1
48585,-1,1,-1,-1,-1,-1,3,-1
48586,-1,1,-1,-1,-1,-1,2,-1
48587,-1,-1,-1,-1,-1,-1,1,-1
48588,-1,-1,-1,-1,2,-1,2,-1
48589,-1,-1,-1,-1,-1,-1,2,-1
48590,-1,-1,-1,-1,-1,-1,4,-1
48591,-1,-1,-1,-1,1,-1,2,-1
48592,-1,1,-1,-1,3,1,3,1
48593,-1,-1,-1,-1,-1,-1,3,-1
48594,-1,-1,-1,-1,-1,-1,3,-1
48595,-1,-1,-1,-1,-1,-1,1,-1
48596,-1,-1,-1,-1,-1,-1,1,-1
48597,-1,-1,-1,-1,-1,-1,2,-1
48598,-1,-1,-1,-1,-1,-1,2,-1
48599,-1,-1,-1,-1,-1,-1,2,-1
48601,-1,2,-1,1,3,1,4,-1
48602,-1,-1,-1,-1,-1,-1,2,-1
48603,-1,1,-1,1,2,1,3,-1
48604,-1,1,-1,1,-1,-1,2,-1
48605,-1,1,-1,3,1,1,5,-1
48606,-1,-1,-1,-1,-1,-1,1,-1
48607,-1,2,-1,2,8,1,5,1
48608,1,1,-1,-1,-1,-1,3,-1
48609,-1,-1,-1,-1,-1,-1,4,-1
48610,-1,-1,-1,-1,-1,-1,3,-1
48611,-1,-1,-1,-1,-1,-1,1,-1
48612,-1,-1,-1,-1,-1,-1,1,-1
48613,-1,-1,-1,-1,-1,-1,2,-1
48614,-1,-1,-1,-1,-1,-1,1,-1
48615,-1,1,-1,-1,-1,-1,3,-1
48616,-1,-1,-1,-1,1,-1,4,-1
48617,-1,-1,-1,-1,-1,-1,-1,-1
48618,-1,-1,-1,-1,-1,-1,-1,-1
48619,-1,-1,-1,-1,1,-1,2,-1
48620,-1,-1,-1,-1,1,-1,2,-1
48621,-1,2,-1,-1,4,1,2,-1
48622,-1,-1,-1,-1,-1,-1,2,-1
48623,-1,-1,-1,-1,-1,-1,2,-1
48624,-1,-1,-1,-1,-1,-1,3,-1
48625,-1,-1,-1,-1,-1,-1,-1,-1
48626,-1,1,-1,-1,-1,-1,2,-1
48627,-1,-1,-1,-1,-1,-1,1,-1
48628,-1,-1,-1,-1,-1,-1,2,-1
48629,-1,1,-1,-1,1,-1,1,-1
48630,-1,-1,-1,-1,-1,-1,1,-1
48631,-1,1,-1,1,-1,-1,2,-1
48632,-1,1,-1,-1,1,-1,3,-1
48633,-1,-1,-1,-1,-1,-1,1,-1
48634,1,1,-1,-1,4,-1,3,-1
48635,-1,1,-1,1,1,1,2,1
48636,1,1,-1,-1,-1,-1,3,-1
48637,-1,-1,-1,-1,1,-1,2,-1
48638,-1,-1,-1,1,-1,-1,3,-1
48639,-1,1,-1,-1,1,-1,1,-1
48640,-1,-1,-1,-1,2,-1,2,-1
48641,-1,1,-1,-1,1,1,3,-1
48642,-1,1,-1,-1,1,-1,2,-1
48644,-1,1,-1,-1,-1,-1,4,-1
48645,-1,-1,-1,-1,1,-1,2,-1
48646,-1,-1,-1,-1,-1,-1,2,-1
48647,-1,-1,-1,-1,-1,-1,2,-1
48648,-1,-1,-1,-1,-1,-1,1,-1
48649,-1,-1,-1,-1,-1,-1,1,-1
48650,-1,-1,-1,-1,-1,-1,1,-1
48651,-1,1,-1,-1,1,1,2,-1
48652,1,1,1,-1,1,-1,3,-1
48653,-1,1,-1,-1,-1,-1,2,-1
48654,-1,1,-1,1,2,1,3,-1
48655,-1,-1,-1,-1,-1,-1,1,-1
48656,-1,-1,-1,-1,-1,1,2,-1
48657,-1,1,-1,-1,2,1,3,1
48658,-1,-1,-1,-1,-1,-1,3,-1
48659,-1,1,-1,-1,-1,-1,2,-1
48660,-1,-1,-1,-1,-1,-1,3,-1
48661,-1,1,-1,-1,1,-1,3,-1
48662,-1,-1,-1,-1,-1,-1,3,-1
48663,-1,-1,-1,-1,-1,-1,2,-1
48664,-1,-1,-1,-1,-1,-1,2,-1
48665,-1,-1,-1,-1,-1,-1,2,-1
48666,-1,-1,-1,-1,-1,-1,1,-1
48667,-1,-1,-1,-1,-1,-1,2,-1
48668,-1,-1,-1,-1,-1,-1,1,-1
48669,-1,-1,-1,-1,-1,-1,-1,-1
48670,-1,-1,-1,-1,-1,-1,1,-1
48671,-1,1,-1,-1,2,1,3,-1
48672,-1,-1,-1,-1,-1,-1,3,-1
48673,-1,-1,-1,-1,-1,-1,2,-1
48674,-1,-1,-1,-1,-1,-1,2,-1
48675,-1,-1,-1,-1,-1,-1,2,-1
48676,-1,-1,-1,-1,-1,-1,3,-1
48677,-1,-1,-1,-1,-1,-1,4,-1
48678,-1,-1,-1,-1,-1,-1,2,-1
48679,-1,-1,-1,-1,-1,-1,3,-1
48680,-1,-1,-1,-1,-1,-1,-1,-1
48681,-1,-1,-1,-1,-1,-1,2,-1
48682,-1,-1,-1,-1,-1,-1,2,-1
48683,-1,-1,-1,-1,-1,-1,2,-1
48684,-1,-1,-1,-1,-1,-1,2,-1
48685,-1,-1,-1,-1,-1,-1,2,-1
48686,-1,1,-1,-1,-1,-1,4,-1
48687,1,1,-1,-1,1,-1,2,-1
48688,-1,1,-1,-1,-1,-1,2,-1
48689,-1,-1,-1,-1,-1,-1,1,-1
48690,-1,1,-1,-1,-1,-1,4,-1
48691,-1,1,-1,-1,-1,-1,4,-1
48692,-1,-1,-1,-1,-1,-1,3,-1
48693,-1,-1,-1,-1,-1,-1,2,-1
48694,-1,-1,-1,-1,-1,-1,4,-1
48695,-1,-1,-1,-1,-1,-1,2,-1
48696,1,-1,-1,-1,-1,-1,2,-1
48697,1,-1,-1,-1,-1,-1,2,-1
48698,-1,-1,-1,-1,-1,-1,1,-1
48699,-1,-1,-1,-1,-1,-1,1,-1
48700,-1,-1,-1,-1,-1,-1,1,-1
48701,-1,-1,-1,-1,-1,-1,1,-1
48702,-1,-1,-1,-1,-1,-1,1,-1
48703,-1,-1,-1,-1,-1,-1,1,-1
48704,-1,-1,-1,-1,-1,-1,1,-1
48705,-1,1,-1,-1,-1,-1,2,-1
48706,-1,-1,-1,-1,-1,-1,2,-1
48707,-1,-1,-1,-1,-1,-1,2,-1
48708,-1,1,-1,-1,-1,-1,1,-1
48709,-1,-1,-1,-1,-1,-1,1,-1
48710,-1,-1,-1,-1,-1,-1,1,-1
48711,-1,-1,-1,-1,-1,-1,1,-1
48712,-1,1,1,1,2,1,12,1
48713,-1,2,-1,-1,-1,-1,3,1
48714,-1,-1,-1,-1,-1,-1,3,-1
48715,-1,-1,-1,-1,-1,-1,3,-1
48716,-1,-1,-1,-1,-1,-1,2,-1
48717,-1,-1,-1,-1,-1,-1,3,-1
48718,-1,-1,-1,-1,-1,-1,1,-1
48719,-1,-1,-1,-1,-1,-1,2,-1
48720,-1,-1,-1,-1,-1,-1,2,-1
48721,-1,1,-1,-1,1,-1,3,-1
48722,-1,3,-1,-1,8,2,9,1
48723,-1,1,-1,-1,-1,-1,5,-1
48724,-1,1,-1,-1,2,1,7,-1
48725,-1,-1,-1,-1,-1,-1,1,-1
48726,-1,1,-1,-1,1,-1,5,-1
48727,-1,-1,-1,-1,2,-1,2,-1
48729,-1,-1,-1,-1,4,-1,3,-1
48730,-1,1,-1,-1,1,1,2,-1
48731,-1,1,-1,-1,-1,-1,4,-1
48732,-1,-1,-1,-1,-1,-1,1,-1
48733,-1,1,-1,-1,-1,-1,3,-1
48734,-1,-1,-1,-1,-1,-1,2,-1
48735,-1,-1,-1,-1,-1,-1,1,-1
48736,-1,-1,-1,-1,-1,-1,2,-1
48737,-1,1,-1,-1,1,-1,4,-1
48738,-1,-1,-1,-1,-1,1,2,-1
48739,-1,1,-1,-1,2,-1,4,-1
48740,-1,1,-1,-1,3,1,3,-1
48741,-1,1,-1,-1,1,-1,4,-1
48742,-1,1,-1,-1,-1,-1,3,-1
48743,-1,1,-1,-1,-1,-1,1,-1
48744,-1,-1,-1,-1,-1,-1,2,-1
48745,-1,-1,-1,-1,-1,-1,2,-1
48746,-1,-1,-1,-1,-1,-1,2,-1
48747,-1,-1,-1,-1,-1,-1,2,-1
48748,-1,1,-1,-1,-1,-1,1,-1
48749,-1,-1,-1,-1,-1,-1,2,-1
48750,-1,-1,-1,-1,-1,-1,1,-1
48751,-1,-1,-1,-1,-1,-1,1,-1
48752,-1,-1,-1,-1,-1,-1,1,-1
48753,-1,1,-1,-1,1,-1,3,-1
48754,-1,-1,-1,-1,-1,-1,1,-1
48755,-1,1,-1,-1,-1,-1,1,-1
48756,-1,1,-1,-1,-1,-1,2,-1
48757,-1,1,-1,-1,2,-1,4,-1
48758,-1,1,-1,1,2,-1,2,-1
48759,-1,-1,-1,-1,-1,-1,2,-1
48760,-1,-1,-1,-1,-1,-1,2,-1
48761,-1,-1,-1,-1,-1,-1,1,-1
48763,-1,1,-1,-1,2,-1,2,-1
48764,-1,1,-1,-1,1,1,2,-1
48765,-1,2,1,1,4,2,7,1
48766,-1,1,-1,1,2,1,2,-1
48767,-1,1,1,-1,4,1,2,-1
48768,-1,-1,-1,-1,-1,-1,2,-1
48769,-1,-1,-1,-1,2,1,1,-1
48773,-1,-1,-1,-1,-1,-1,2,-1
48774,-1,1,-1,-1,-1,1,2,-1
48775,-1,-1,-1,-1,-1,-1,2,-1
48776,-1,-1,-1,-1,-1,-1,1,-1
48777,-1,-1,-1,-1,-1,-1,1,-1
48778,-1,4,-1,1,8,2,6,1
48779,-1,-1,-1,-1,-1,-1,2,-1
48780,-1,2,1,1,9,2,8,1
48781,-1,1,-1,1,2,-1,4,-1
48782,-1,-1,-1,-1,-1,-1,2,-1
48783,-1,-1,-1,-1,-1,-1,3,-1
48784,-1,-1,-1,-1,-1,-1,1,-1
48785,-1,1,-1,-1,-1,-1,1,-1
48786,-1,1,-1,-1,-1,-1,2,-1
48787,-1,-1,-1,-1,-1,-1,2,-1
48788,-1,-1,-1,-1,-1,-1,1,-1
48789,-1,1,-1,-1,-1,-1,5,-1
48790,-1,1,-1,-1,1,-1,2,-1
48791,-1,1,-1,-1,1,1,2,-1
48792,-1,-1,-1,-1,-1,-1,2,-1
48793,-1,1,-1,-1,1,-1,2,-1
48794,-1,1,-1,-1,-1,-1,1,-1
48795,-1,1,-1,-1,-1,-1,2,-1
48796,-1,1,-1,-1,-1,-1,2,-1
48797,-1,1,-1,-1,-1,-1,2,-1
48798,-1,1,-1,-1,2,-1,2,-1
48799,-1,-1,-1,-1,-1,-1,2,-1
48800,-1,1,-1,-1,6,-1,5,-1
48801,-1,1,-1,-1,1,-1,5,-1
48802,1,2,-1,4,6,3,4,-1
48804,-1,-1,-1,-1,-1,-1,4,-1
48805,1,-1,-1,-1,2,1,2,-1
48806,-1,-1,-1,-1,2,-1,2,-1
48807,-1,-1,-1,-1,-1,-1,-1,-1
48808,-1,-1,-1,-1,-1,-1,-1,-1
48809,-1,1,-1,-1,-1,-1,-1,-1
48810,-1,-1,-1,-1,-1,-1,-1,-1
48811,1,1,-1,-1,2,-1,2,-1
48812,1,1,-1,-1,-1,2,4,-1
48813,-1,-1,-1,-1,-1,-1,2,-1
48814,-1,-1,-1,-1,-1,-1,2,-1
48815,-1,-1,-1,-1,-1,-1,2,-1
48816,-1,-1,-1,-1,-1,-1,2,-1
48817,-1,-1,-1,-1,-1,-1,2,-1
48819,-1,-1,-1,-1,-1,-1,1,-1
48820,-1,1,-1,-1,-1,-1,2,-1
48821,-1,-1,-1,-1,-1,-1,2,-1
48822,-1,-1,-1,-1,-1,-1,2,-1
48823,-1,-1,-1,-1,-1,-1,2,-1
48824,-1,-1,-1,-1,-1,-1,3,-1
48825,-1,-1,-1,-1,-1,-1,2,-1
48826,-1,-1,-1,-1,-1,-1,2,-1
48827,-1,-1,-1,-1,-1,-1,1,-1
48828,-1,-1,-1,-1,-1,-1,3,-1
48829,-1,-1,-1,-1,-1,-1,2,-1
48830,1,1,-1,-1,-1,-1,2,-1
48831,-1,-1,-1,-1,-1,-1,1,-1
48832,-1,-1,-1,-1,-1,-1,-1,-1
48833,-1,-1,-1,-1,-1,-1,-1,-1
48834,-1,-1,-1,-1,-1,-1,2,-1
48835,-1,-1,-1,-1,-1,-1,2,-1
48836,-1,-1,-1,-1,-1,-1,2,-1
48837,-1,-1,-1,-1,2,-1,3,-1
48838,-1,-1,-1,-1,-1,-1,1,-1
48839,-1,-1,-1,-1,-1,-1,2,-1
48840,-1,-1,-1,-1,-1,-1,3,-1
48841,-1,1,-1,-1,-1,-1,1,-1
48842,-1,-1,-1,-1,-1,-1,3,-1
48843,-1,-1,-1,-1,-1,-1,1,-1
48844,-1,-1,-1,-1,-1,-1,-1,-1
48845,-1,-1,-1,-1,-1,-1,-1,-1
48846,-1,-1,-1,-1,-1,-1,3,-1
48847,-1,-1,-1,-1,2,-1,2,-1
48848,-1,-1,-1,-1,-1,-1,1,-1
48849,-1,-1,-1,-1,-1,-1,3,-1
48850,-1,-1,-1,-1,-1,-1,2,-1
48851,-1,-1,-1,-1,-1,-1,3,-1
48852,-1,-1,-1,-1,-1,-1,2,-1
48853,-1,-1,-1,-1,-1,-1,2,-1
48854,-1,-1,-1,-1,-1,1,7,-1
48855,1,-1,-1,-1,1,-1,1,-1
48856,-1,-1,-1,-1,-1,-1,1,-1
48857,-1,-1,-1,-1,-1,-1,1,-1
48858,-1,-1,-1,-1,-1,-1,1,-1
48859,-1,-1,-1,-1,-1,-1,1,-1
48860,-1,-1,-1,-1,-1,-1,1,-1
48861,1,1,-1,-1,-1,-1,4,-1
48862,1,1,-1,-1,-1,-1,4,-1
48863,-1,1,-1,-1,-1,-1,4,-1
48864,-1,1,-1,-1,2,-1,1,-1
48865,-1,1,-1,-1,2,1,2,-1
48866,-1,1,-1,1,2,1,6,-1
48867,1,1,-1,2,6,1,2,-1
48868,-1,1,1,2,2,1,1,1
48869,-1,-1,-1,-1,2,1,2,-1
48870,-1,1,-1,3,4,1,2,1
48871,-1,1,-1,-1,5,2,2,1
48872,-1,-1,-1,-1,-1,-1,1,-1
48873,-1,-1,-1,-1,-1,-1,2,-1
48874,-1,1,-1,-1,-1,1,3,-1
48875,-1,-1,-1,1,-1,-1,1,-1
48876,-1,-1,-1,-1,-1,-1,1,-1
48877,-1,-1,-1,-1,-1,-1,1,-1
48878,-1,-1,-1,-1,-1,-1,5,-1
48879,-1,1,-1,-1,1,-1,3,-1
48880,-1,-1,-1,-1,-1,-1,2,-1
48881,-1,1,-1,-1,1,-1,1,-1
48882,-1,-1,-1,-1,-1,-1,1,-1
48883,-1,-1,-1,-1,-1,-1,1,-1
48884,-1,-1,-1,-1,-1,-1,1,-1
48885,-1,1,-1,-1,2,-1,2,-1
48886,-1,-1,-1,-1,-1,-1,2,-1
48887,-1,-1,-1,-1,-1,-1,3,-1
48888,-1,2,-1,-1,-1,-1,4,-1
48889,-1,-1,-1,-1,-1,-1,2,-1
48890,-1,-1,1,-1,2,-1,2,-1
48891,-1,1,-1,-1,2,1,3,-1
48892,1,1,-1,-1,1,1,3,-1
48893,-1,-1,-1,-1,-1,-1,1,-1
48894,-1,-1,-1,-1,-1,-1,1,-1
48895,-1,-1,-1,-1,-1,-1,1,-1
48896,-1,1,-1,-1,2,1,2,-1
48897,-1,-1,-1,-1,-1,-1,1,-1
48898,-1,-1,-1,-1,3,-1,2,-1
48899,-1,-1,-1,-1,-1,-1,1,-1
48900,-1,-1,-1,-1,2,-1,3,-1
48901,-1,1,-1,-1,-1,-1,1,-1
48902,-1,1,-1,-1,2,-1,4,-1
48903,-1,-1,-1,-1,2,-1,2,-1
48904,1,-1,-1,-1,-1,-1,2,-1
48905,-1,1,-1,-1,2,1,2,-1
48906,-1,1,1,1,2,-1,2,-1
48907,-1,1,-1,1,4,2,3,-1
48908,-1,1,-1,1,2,2,2,-1
48909,1,1,1,1,2,1,4,-1
48910,1,1,1,2,5,2,5,-1
48911,-1,-1,-1,-1,-1,-1,2,-1
48912,-1,1,-1,-1,-1,-1,4,-1
48913,-1,-1,-1,-1,-1,-1,2,-1
48914,-1,-1,-1,-1,-1,-1,3,-1
48915,1,-1,-1,-1,2,-1,2,-1
48916,-1,-1,-1,-1,-1,-1,3,-1
48917,-1,-1,-1,-1,-1,-1,3,-1
48918,1,2,-1,4,12,4,6,1
48919,-1,-1,-1,1,-1,-1,2,-1
48920,-1,-1,-1,-1,-1,-1,1,-1
48921,-1,1,-1,-1,2,-1,2,-1
48922,1,-1,-1,-1,-1,-1,2,-1
48923,-1,-1,-1,-1,-1,-1,2,-1
48924,-1,1,-1,-1,-1,-1,3,-1
48925,-1,-1,-1,-1,-1,-1,3,-1
48926,-1,-1,-1,-1,-1,-1,3,-1
48927,-1,-1,-1,-1,1,-1,3,-1
48928,1,1,-1,1,-1,-1,5,-1
48929,-1,-1,-1,-1,-1,-1,3,-1
48930,1,4,-1,3,14,3,9,1
48931,-1,-1,-1,-1,-1,-1,2,-1
48932,-1,1,-1,-1,-1,-1,1,-1
48933,-1,-1,-1,-1,-1,-1,1,-1
48934,-1,-1,-1,-1,2,-1,2,-1
48935,-1,-1,-1,-1,-1,-1,1,-1
48936,-1,-1,-1,-1,-1,-1,1,-1
48937,-1,-1,-1,-1,-1,-1,2,-1
48938,-1,-1,-1,-1,-1,-1,1,-1
48939,-1,1,-1,-1,-1,-1,2,-1
48940,-1,-1,-1,1,1,1,3,-1
48941,-1,-1,-1,-1,1,-1,2,-1
48942,-1,-1,-1,-1,-1,-1,2,-1
48943,-1,-1,-1,-1,-1,-1,2,-1
48944,1,-1,-1,1,7,1,2,-1
48945,-1,1,1,1,2,2,4,1
48946,-1,-1,-1,-1,2,1,2,-1
48947,-1,1,-1,1,2,2,-1,-1
48948,1,-1,-1,-1,2,1,2,-1
48949,1,2,-1,2,2,2,3,1
48950,-1,-1,-1,-1,-1,-1,4,-1
48951,-1,-1,-1,-1,-1,-1,3,-1
48952,1,1,-1,-1,2,1,3,-1
48953,-1,1,-1,-1,2,-1,3,-1
48954,-1,1,-1,-1,-1,-1,1,-1
48955,-1,1,-1,-1,-1,-1,-1,-1
48956,-1,-1,-1,-1,-1,-1,2,-1
48957,1,-1,-1,-1,-1,-1,1,-1
48958,-1,-1,-1,-1,-1,-1,7,-1
48959,-1,-1,-1,-1,-1,-1,5,-1
48960,-1,1,-1,-1,-1,-1,2,-1
48961,-1,1,-1,-1,-1,-1,2,-1
48962,-1,1,-1,-1,1,-1,3,-1
48963,-1,-1,-1,-1,3,1,4,-1
48964,1,2,-1,-1,6,4,6,2
48965,-1,1,-1,-1,4,1,4,-1
48966,-1,1,-1,-1,-1,-1,3,-1
48967,-1,-1,-1,-1,-1,-1,2,-1
48968,-1,1,-1,-1,3,2,6,1
48969,-1,1,-1,-1,2,1,4,-1
48970,-1,-1,-1,-1,-1,-1,2,-1
48971,1,1,-1,-1,2,1,3,-1
48973,-1,-1,-1,-1,1,-1,2,-1
48974,-1,1,-1,-1,1,-1,2,-1
48975,1,1,-1,1,5,1,4,1
48976,-1,-1,-1,-1,-1,-1,2,-1
48977,1,1,-1,1,7,1,4,1
48978,-1,1,-1,-1,2,1,3,-1
48979,-1,1,-1,1,1,1,4,1
48980,1,1,-1,-1,2,1,3,-1
48981,1,1,-1,1,2,1,2,1
48982,-1,-1,-1,-1,-1,-1,7,-1
48983,1,-1,-1,-1,-1,-1,5,-1
48984,-1,1,-1,-1,-1,1,4,-1
48985,1,-1,-1,-1,2,1,5,-1
48986,-1,1,-1,-1,2,1,4,-1
48987,-1,-1,-1,-1,-1,-1,2,-1
48988,1,-1,-1,-1,-1,-1,3,-1
48989,-1,-1,-1,-1,-1,-1,3,-1
48990,-1,1,-1,-1,1,-1,4,-1
48992,-1,1,-1,-1,1,1,3,-1
48993,-1,-1,-1,-1,-1,-1,3,-1
48994,1,1,-1,1,2,1,2,-1
48995,-1,-1,-1,-1,-1,-1,3,-1
48996,-1,-1,-1,-1,-1,-1,2,-1
48997,-1,1,-1,1,1,1,1,-1
48998,-1,1,-1,-1,1,-1,4,-1
48999,-1,1,-1,1,-1,-1,3,-1
49000,-1,-1,-1,-1,-1,-1,1,-1
49001,-1,-1,-1,-1,-1,1,1,-1
49003,-1,1,-1,-1,2,1,7,-1
49004,-1,2,-1,-1,-1,-1,4,-1
49005,-1,1,-1,-1,4,1,5,-1
49006,-1,-1,-1,-1,-1,-1,3,-1
49007,-1,-1,-1,-1,2,1,4,-1
49008,1,1,-1,-1,2,1,3,1
49009,-1,1,-1,-1,3,1,3,1
49010,-1,1,-1,1,4,2,5,-1
49011,-1,1,-1,1,2,1,3,-1
49012,1,1,-1,-1,1,1,4,-1
49013,-1,-1,-1,-1,-1,-1,2,-1
49014,-1,1,-1,-1,2,1,5,-1
49015,-1,-1,-1,-1,-1,-1,3,-1
49016,-1,-1,-1,-1,-1,-1,2,-1
49017,-1,-1,-1,-1,-1,-1,1,-1
49018,-1,-1,-1,-1,2,1,1,-1
49021,-1,1,-1,-1,2,1,2,-1
49022,-1,1,-1,-1,-1,-1,3,-1
49023,-1,1,-1,-1,1,1,3,-1
49024,-1,-1,-1,-1,-1,-1,1,-1
49025,-1,-1,-1,-1,2,1,2,-1
49026,-1,1,-1,-1,-1,-1,4,-1
49027,-1,1,-1,-1,2,-1,6,-1
49028,-1,-1,-1,-1,-1,-1,2,-1
49029,-1,1,-1,-1,-1,-1,3,-1
49030,-1,-1,-1,-1,-1,-1,4,-1
49031,-1,1,-1,-1,-1,1,1,-1
49032,-1,1,-1,-1,-1,-1,4,-1
49033,-1,1,-1,1,2,1,4,-1
49034,-1,4,1,1,12,2,15,1
49035,-1,1,-1,-1,2,2,3,-1
49036,-1,1,-1,-1,-1,-1,3,-1
49037,-1,-1,-1,-1,-1,-1,2,-1
49038,-1,1,-1,-1,2,1,3,1
49039,-1,-1,-1,-1,-1,-1,1,-1
49040,1,1,-1,-1,2,1,2,-1
49041,-1,-1,-1,-1,-1,-1,2,-1
49042,-1,-1,-1,-1,-1,-1,1,-1
49043,-1,-1,-1,-1,-1,-1,1,-1
49044,-1,-1,-1,-1,-1,-1,1,-1
49045,-1,-1,-1,-1,-1,-1,2,-1
49046,-1,-1,-1,-1,-1,-1,2,-1
49047,-1,-1,-1,-1,-1,-1,2,-1
49048,-1,-1,-1,-1,-1,-1,1,-1
49049,-1,-1,-1,-1,-1,-1,-1,-1
49051,-1,1,-1,-1,-1,-1,3,-1
49052,-1,1,-1,1,-1,-1,5,-1
49053,-1,-1,-1,-1,-1,-1,3,-1
49054,-1,-1,-1,-1,-1,-1,3,-1
49055,-1,1,-1,-1,2,1,4,-1
49056,-1,-1,-1,-1,-1,-1,3,-1
49058,-1,-1,-1,-1,-1,-1,1,-1
49059,-1,-1,-1,-1,-1,-1,2,-1
49060,-1,-1,-1,-1,-1,-1,2,-1
49061,-1,-1,-1,-1,-1,-1,1,-1
49062,-1,-1,-1,-1,-1,-1,2,-1
49063,-1,-1,-1,-1,-1,-1,2,-1
49064,-1,-1,-1,-1,-1,-1,2,-1
49065,-1,1,-1,-1,-1,-1,1,-1
49066,-1,-1,-1,-1,-1,-1,2,-1
49067,-1,-1,-1,-1,-1,-1,2,-1
49068,-1,1,-1,-1,-1,-1,3,-1
49069,-1,-1,-1,-1,-1,-1,2,-1
49070,-1,-1,-1,-1,-1,-1,2,-1
49071,-1,-1,-1,-1,-1,-1,2,-1
49072,-1,-1,-1,-1,-1,-1,2,-1
49073,1,1,1,-1,-1,-1,3,-1
49074,-1,-1,-1,-1,3,-1,2,-1
49075,-1,-1,-1,-1,2,-1,2,-1
49076,-1,-1,-1,-1,-1,-1,3,-1
49077,-1,-1,-1,-1,-1,-1,2,-1
49078,-1,-1,-1,-1,-1,-1,2,-1
49079,-1,-1,-1,-1,-1,-1,2,-1
49080,-1,-1,-1,-1,-1,-1,3,-1
49081,-1,-1,-1,-1,-1,-1,4,-1
49082,-1,1,-1,-1,-1,-1,5,-1
49083,-1,1,-1,-1,-1,-1,4,-1
49084,-1,-1,-1,-1,-1,-1,2,-1
49085,-1,1,-1,-1,-1,-1,2,-1
49086,-1,1,-1,-1,-1,-1,2,-1
49087,-1,1,-1,-1,-1,-1,4,-1
49088,-1,1,-1,-1,2,2,4,-1
49089,-1,1,-1,-1,-1,-1,1,-1
49090,-1,1,-1,1,-1,-1,3,-1
49091,-1,-1,-1,-1,-1,-1,5,-1
49092,-1,-1,-1,-1,-1,-1,4,-1
49093,-1,1,-1,-1,-1,-1,4,-1
49094,-1,-1,-1,-1,-1,-1,5,-1
49095,-1,3,-1,-1,-1,-1,4,-1
49096,-1,1,-1,-1,-1,-1,2,-1
49097,-1,1,-1,-1,-1,-1,5,-1
49098,-1,1,-1,1,-1,-1,4,-1
49099,-1,1,-1,-1,-1,-1,2,-1
49100,-1,-1,-1,-1,-1,-1,1,-1
49101,-1,-1,-1,-1,-1,-1,1,-1
49102,1,1,-1,1,2,-1,7,-1
49103,1,1,-1,-1,1,-1,2,-1
49104,-1,-1,-1,-1,-1,-1,2,-1
49105,-1,-1,-1,-1,-1,-1,2,-1
49106,-1,-1,-1,-1,-1,-1,1,-1
49107,1,-1,-1,1,2,-1,4,-1
49108,-1,-1,-1,1,2,-1,4,-1
49109,-1,-1,-1,1,-1,-1,3,-1
49110,-1,-1,-1,-1,-1,-1,4,-1
49111,-1,-1,-1,-1,-1,-1,5,-1
49112,-1,1,-1,-1,-1,-1,2,-1
49113,-1,1,-1,-1,-1,-1,2,-1
49114,-1,1,-1,-1,-1,-1,3,-1
49115,-1,1,1,1,1,1,4,-1
49116,-1,1,-1,-1,-1,-1,3,-1
49117,-1,-1,-1,-1,-1,-1,2,-1
49118,-1,-1,-1,-1,-1,-1,4,-1
49119,-1,1,-1,-1,-1,-1,1,-1
49120,-1,1,-1,-1,-1,-1,4,-1
49121,-1,1,1,-1,-1,-1,5,-1
49122,-1,1,-1,-1,-1,-1,3,-1
49123,-1,-1,-1,-1,-1,-1,1,-1
49124,-1,1,-1,1,-1,-1,5,-1
49125,-1,-1,-1,-1,-1,-1,2,-1
49126,-1,1,-1,-1,-1,-1,5,-1
49127,-1,-1,-1,-1,-1,-1,2,-1
49128,-1,1,-1,1,4,-1,6,-1
49129,-1,1,-1,-1,4,-1,5,-1
49130,-1,-1,-1,-1,-1,-1,3,-1
49132,-1,1,-1,-1,-1,-1,2,-1
49133,-1,1,-1,-1,2,1,3,-1
49134,-1,1,-1,-1,-1,-1,2,-1
49135,-1,-1,-1,-1,-1,-1,2,-1
49136,-1,1,-1,-1,-1,-1,2,-1
49137,-1,1,-1,-1,-1,-1,2,-1
49138,-1,1,-1,-1,1,-1,2,-1
49139,-1,-1,-1,-1,-1,-1,1,-1
49140,-1,1,-1,-1,-1,-1,2,-1
49141,-1,-1,-1,-1,-1,-1,2,-1
49142,-1,1,-1,-1,-1,-1,2,-1
49143,-1,1,-1,-1,-1,-1,2,-1
49144,-1,1,-1,-1,2,-1,2,-1
49145,-1,-1,-1,-1,-1,-1,3,-1
49146,-1,1,-1,-1,-1,-1,2,-1
49147,-1,-1,-1,-1,-1,-1,2,-1
49148,1,1,-1,-1,-1,-1,4,-1
49149,-1,1,-1,-1,2,-1,2,-1
49150,-1,1,-1,-1,-1,-1,2,-1
49151,-1,1,-1,-1,-1,-1,3,-1
49152,-1,-1,-1,-1,2,1,1,-1
49153,-1,1,-1,-1,-1,-1,2,-1
49154,-1,1,-1,-1,-1,1,2,-1
49155,-1,-1,-1,-1,-1,-1,2,-1
49156,-1,-1,-1,-1,-1,-1,2,-1
49157,-1,1,-1,-1,-1,-1,2,-1
49158,-1,1,-1,-1,-1,-1,2,-1
49159,-1,-1,-1,-1,-1,-1,2,-1
49160,-1,1,-1,-1,2,1,2,-1
49161,-1,-1,-1,-1,2,-1,3,-1
49162,-1,1,-1,1,4,1,3,-1
49163,-1,-1,-1,-1,-1,-1,3,-1
49164,-1,-1,-1,-1,2,1,2,-1
49165,-1,1,-1,-1,-1,-1,3,-1
49166,-1,-1,-1,-1,-1,-1,3,-1
49167,-1,-1,-1,-1,-1,-1,3,-1
49168,-1,2,1,1,8,1,7,1
49169,-1,-1,-1,-1,-1,-1,3,-1
49170,-1,-1,-1,-1,-1,-1,2,-1
49171,-1,1,-1,-1,2,1,4,-1
49173,1,1,-1,1,4,1,5,-1
49174,-1,1,1,1,4,1,6,1
49175,1,1,-1,-1,4,1,5,1
49176,1,1,-1,-1,4,1,4,-1
49177,-1,1,-1,1,2,1,4,-1
49178,1,-1,-1,-1,-1,-1,2,-1
49180,-1,1,-1,-1,-1,-1,2,-1
49181,-1,-1,-1,-1,-1,1,2,-1
49182,-1,-1,-1,-1,1,-1,3,-1
49183,-1,1,-1,1,2,-1,2,-1
49184,-1,-1,-1,-1,-1,-1,6,-1
49185,-1,1,-1,1,4,1,8,1
49186,-1,1,-1,-1,1,-1,1,-1
49187,-1,-1,-1,-1,-1,-1,1,-1
49188,-1,-1,-1,-1,-1,-1,2,-1
49189,-1,-1,-1,-1,-1,-1,1,-1
49190,-1,-1,-1,-1,-1,-1,1,-1
49191,-1,-1,-1,-1,-1,-1,1,-1
49192,-1,-1,-1,-1,-1,-1,2,-1
49193,-1,-1,-1,-1,-1,-1,1,-1
49194,-1,-1,-1,-1,-1,-1,2,-1
49195,-1,1,-1,-1,-1,-1,3,-1
49196,-1,-1,-1,-1,-1,-1,1,-1
49197,-1,1,-1,-1,-1,-1,3,-1
49198,-1,-1,-1,-1,1,-1,1,-1
49199,-1,1,-1,-1,-1,-1,3,-1
49200,-1,1,-1,-1,-1,-1,2,-1
49201,-1,-1,-1,-1,-1,-1,1,-1
49202,-1,-1,-1,-1,-1,-1,1,-1
49203,-1,-1,-1,-1,-1,-1,1,-1
49204,-1,-1,-1,-1,2,-1,3,-1
49205,-1,2,-1,1,2,1,3,-1
49206,-1,1,-1,-1,2,-1,4,-1
49207,-1,1,-1,2,2,-1,4,-1
49208,-1,-1,-1,-1,1,-1,3,-1
49209,1,1,-1,-1,2,-1,3,-1
49210,-1,-1,-1,-1,2,-1,2,-1
49211,-1,-1,-1,-1,-1,-1,2,-1
49212,-1,-1,-1,-1,2,-1,5,-1
49213,-1,-1,-1,-1,1,-1,2,-1
49214,-1,-1,-1,1,-1,-1,2,-1
49215,-1,-1,-1,1,2,-1,2,1
49216,1,-1,-1,1,2,1,2,-1
49217,-1,1,-1,-1,2,-1,3,-1
49218,1,-1,-1,1,2,1,4,-1
49219,-1,1,-1,-1,4,1,4,-1
49220,-1,1,-1,1,4,1,5,1
49221,-1,-1,-1,-1,1,-1,1,-1
49222,-1,1,-1,-1,2,1,2,-1
49223,-1,1,-1,1,2,1,4,-1
49224,-1,-1,-1,-1,2,-1,4,-1
49225,-1,2,-1,2,7,2,6,1
49226,-1,1,-1,-1,3,1,3,1
49227,-1,1,-1,-1,1,1,3,1
49228,-1,-1,-1,-1,2,-1,5,-1
49229,-1,1,-1,-1,2,1,3,-1
49230,-1,-1,-1,-1,-1,-1,1,-1
49231,-1,-1,-1,-1,-1,-1,3,-1
49232,1,-1,-1,-1,2,1,1,-1
49233,-1,-1,-1,-1,-1,-1,2,-1
49234,-1,-1,-1,-1,2,-1,3,-1
49235,-1,2,-1,2,6,1,2,1
49236,1,1,-1,1,2,1,2,1
49237,-1,1,1,1,3,1,1,-1
49238,-1,-1,-1,-1,-1,-1,2,-1
49239,-1,1,-1,-1,1,-1,3,-1
49240,-1,1,-1,-1,-1,-1,2,-1
49241,-1,-1,-1,-1,2,-1,3,-1
49242,-1,1,-1,-1,2,1,6,-1
49243,-1,1,-1,-1,4,-1,7,-1
49244,-1,-1,-1,-1,-1,-1,3,-1
49245,-1,-1,-1,1,-1,-1,3,-1
49246,-1,-1,-1,1,2,1,3,-1
49247,1,1,-1,-1,2,1,3,-1
49249,-1,1,-1,-1,2,-1,4,-1
49250,-1,-1,-1,-1,-1,-1,1,-1
49251,-1,-1,-1,-1,-1,-1,1,-1
49252,-1,-1,-1,-1,-1,-1,1,-1
49253,1,1,-1,1,2,1,3,-1
49254,-1,1,1,1,2,1,3,1
49255,-1,1,-1,1,4,1,6,-1
49256,-1,1,-1,-1,2,1,3,-1
49257,-1,1,1,-1,2,1,3,1
49258,-1,2,-1,-1,-1,-1,4,-1
49259,-1,-1,-1,-1,-1,-1,2,-1
49261,-1,1,-1,1,2,1,1,1
49262,-1,1,-1,-1,2,-1,3,-1
49263,-1,1,-1,-1,-1,-1,2,-1
49264,-1,-1,-1,-1,-1,-1,3,-1
49265,-1,-1,-1,-1,-1,-1,3,-1
49266,-1,1,-1,-1,2,1,3,1
49267,-1,1,-1,-1,-1,-1,1,-1
49269,-1,1,-1,-1,-1,-1,3,-1
49270,-1,-1,-1,-1,-1,-1,2,-1
49271,-1,-1,-1,-1,-1,-1,2,-1
49272,-1,-1,-1,-1,-1,-1,2,-1
49273,-1,-1,-1,-1,-1,-1,2,-1
49274,-1,-1,-1,-1,2,1,4,-1
49275,-1,1,-1,-1,-1,-1,3,-1
49276,-1,2,-1,2,6,3,8,1
49277,-1,1,-1,-1,-1,-1,3,-1
49278,-1,1,-1,-1,-1,-1,2,-1
49279,-1,1,-1,-1,2,-1,3,-1
49280,-1,-1,-1,-1,-1,-1,2,-1
49281,-1,-1,-1,-1,2,-1,2,-1
49282,-1,1,-1,-1,-1,-1,2,-1
49283,-1,1,-1,-1,-1,-1,3,-1
49285,-1,-1,-1,-1,1,-1,2,-1
49286,-1,-1,-1,-1,-1,-1,4,-1
49287,-1,-1,-1,-1,-1,-1,2,-1
49288,-1,1,-1,-1,2,1,4,-1
49289,1,2,1,2,8,2,5,1
49292,1,1,-1,-1,1,1,2,-1
49293,-1,2,1,2,4,2,7,2
49295,-1,1,1,1,2,1,3,-1
49296,1,2,-1,2,4,2,5,-1
49297,-1,1,-1,1,2,1,3,-1
49298,-1,-1,-1,-1,-1,-1,2,-1
49301,-1,1,-1,1,2,1,1,-1
49302,-1,-1,-1,-1,-1,-1,1,-1
49303,-1,1,1,1,2,1,4,1
49304,-1,1,1,1,2,1,5,-1
49305,1,6,-1,3,7,4,8,1
49306,-1,1,-1,-1,-1,-1,4,-1
49307,-1,1,-1,1,2,1,2,-1
49308,-1,-1,-1,-1,-1,-1,2,-1
49309,-1,1,-1,1,-1,-1,2,-1
49310,-1,1,-1,1,2,1,2,-1
49311,-1,1,-1,1,2,1,1,-1
49312,-1,-1,-1,-1,-1,-1,1,-1
49314,-1,1,-1,1,2,-1,2,-1
49315,-1,1,-1,2,2,1,3,-1
59507,-1,1,-1,1,2,-1,3,-1
59522,-1,-1,-1,-1,-1,-1,1,-1
59532,-1,1,-1,1,-1,-1,1,-1
59536,-1,-1,-1,-1,-1,-1,1,-1
59537,-1,-1,-1,-1,-1,-1,-1,-1
59546,-1,-1,-1,-1,3,-1,2,-1
59547,-1,1,-1,-1,-1,-1,1,-1
59548,-1,-1,-1,-1,-1,-1,1,-1
59549,-1,-1,-1,-1,-1,-1,1,-1
59550,-1,-1,-1,-1,-1,-1,-1,-1
59551,-1,-1,-1,-1,-1,-1,1,-1
