id,fsn,neem_tree,neem_tree_distance,neem_tree_size,neem_tree_age,neem_tree_usage,neem_tree_use_other,bamboo_tree,bamboo_tree_dist,banana_tree,banana_tree_dist,rice_field,rice_field_dist,perm_water_body,perm_wat_body_dist,wat_body_mid_point,no_mosquito_net,sprayed_2010,sprayed_2009,floor_material,other_floor_mat,is_floor_damp,roof_material,other_roof_material,wall_material,other_wall_material,windows_in_room,granaries_in_hh,source_drink_water,other_src_drink_wat,toilet_facility,other_toilet_fac,cooking_fuel,other_cooking_fuel,source_light,other_source_light,electricity_in_hh,no_of_rooms,no_sleeping_rooms
1,45001,0,-1,-1,-1,,,1,3,0,-1,1,4,0,-1,-1,0,86,86,153,-1,1,161,-1,164,-1,1,1,167,-1,177,-1,180,-1,182,-1,0,2,2
2,45002,0,-1,-1,-1,,,1,10,0,-1,1,12,0,-1,-1,2,86,86,153,-1,1,159,-1,164,-1,1,1,167,-1,177,-1,180,-1,182,-1,0,2,2
3,45003,0,-1,-1,-1,,,1,16,0,-1,1,16,0,-1,-1,1,86,86,153,-1,1,158,-1,164,-1,1,1,92,-1,177,-1,180,-1,182,-1,0,3,2
4,45004,0,-1,-1,-1,,,1,17,0,-1,1,13,0,-1,-1,0,86,86,153,-1,1,156,-1,162,-1,0,0,92,-1,177,-1,180,-1,182,-1,0,1,1
5,45005,0,-1,-1,-1,,,1,5,0,-1,1,4,0,-1,-1,0,86,86,153,-1,1,156,-1,163,-1,0,1,92,-1,177,-1,180,-1,182,-1,0,2,2
6,45006,0,-1,-1,-1,,,1,4,0,-1,1,13,0,-1,-1,0,86,86,153,-1,1,156,-1,163,-1,0,1,92,-1,177,-1,180,-1,182,-1,0,3,2
7,45007,0,-1,-1,-1,,,1,15,0,-1,1,10,0,-1,-1,0,86,86,153,-1,1,156,-1,162,-1,0,0,92,-1,177,-1,180,-1,182,-1,0,2,2
8,45008,0,-1,-1,-1,,,1,3,1,5,1,10,0,-1,-1,0,86,86,153,-1,1,158,-1,164,-1,1,1,92,-1,177,-1,180,-1,182,-1,0,1,1
9,45009,0,-1,-1,-1,,,1,1,1,1,1,7,0,-1,-1,1,86,86,155,-1,0,158,-1,164,-1,1,1,92,-1,177,-1,180,-1,182,-1,0,3,1
10,45010,0,-1,-1,-1,,,1,10,0,-1,1,12,0,-1,-1,0,86,86,153,-1,1,156,-1,162,-1,0,0,92,-1,177,-1,180,-1,182,-1,0,1,1
11,45011,0,-1,-1,-1,,,1,10,0,-1,1,12,0,-1,-1,0,86,86,153,-1,1,159,-1,162,-1,0,0,92,-1,177,-1,180,-1,182,-1,0,1,1
12,45012,0,-1,-1,-1,,,1,12,0,-1,1,15,0,-1,-1,2,86,86,155,-1,0,158,-1,165,-1,1,1,167,-1,174,-1,180,-1,182,-1,0,2,2
13,45013,0,-1,-1,-1,,,1,12,0,-1,1,15,0,-1,-1,1,86,86,155,-1,0,158,-1,165,-1,1,1,92,-1,174,-1,180,-1,182,-1,0,1,1
14,45014,0,-1,-1,-1,,,1,12,0,-1,1,15,0,-1,-1,1,86,86,155,-1,0,158,-1,165,-1,1,0,92,-1,174,-1,180,-1,182,-1,0,2,1
15,45015,0,-1,-1,-1,,,1,20,0,-1,1,10,0,-1,-1,1,86,86,153,-1,1,158,-1,164,-1,1,1,167,-1,177,-1,180,-1,182,-1,0,2,1
16,45016,0,-1,-1,-1,,,1,20,0,-1,1,10,0,-1,-1,1,86,86,153,-1,1,54,-1,164,-1,0,1,92,-1,177,-1,180,-1,182,-1,0,2,1
17,45017,0,-1,-1,-1,,,1,20,0,-1,1,10,0,-1,-1,1,86,86,153,-1,1,54,-1,164,-1,0,1,92,-1,177,-1,180,-1,182,-1,0,1,1
18,45018,0,-1,-1,-1,,,1,21,0,-1,1,11,0,-1,-1,0,86,86,153,-1,1,54,-1,164,-1,0,0,92,-1,177,-1,180,-1,182,-1,0,1,1
19,45020,1,15,3,6,184_,,1,21,1,5,1,7,0,-1,-1,0,86,86,153,-1,1,158,-1,164,-1,1,1,167,-1,177,-1,180,-1,182,-1,0,3,1
20,45021,1,10,3,6,184_,,0,-1,1,12,1,5,0,-1,-1,3,86,86,153,-1,1,6,,165,-1,1,1,167,-1,174,-1,180,-1,6,,0,2,2
21,45022,1,10,3,6,184_,,0,-1,1,12,1,5,0,-1,-1,2,86,86,153,-1,1,6,,165,-1,1,0,167,-1,174,-1,180,-1,182,-1,0,2,2
22,45023,1,10,3,6,184_,,0,-1,1,12,1,5,0,-1,-1,1,86,86,153,-1,1,6,,165,-1,1,1,167,-1,174,-1,180,-1,182,-1,0,1,1
23,45024,1,30,5,6,184_,USING ON WOUNDS,1,25,1,20,1,5,0,-1,-1,0,86,86,153,-1,1,54,-1,164,-1,1,1,92,-1,174,-1,180,-1,182,-1,0,1,1
24,45025,1,30,5,6,184_,,1,25,1,20,1,5,0,-1,-1,1,86,86,155,-1,0,6,,165,-1,1,0,92,-1,174,-1,180,-1,6,,0,2,2
25,45026,1,30,5,6,184_,,1,25,1,20,1,5,0,-1,-1,1,86,86,153,-1,1,54,-1,164,-1,1,1,92,-1,174,-1,180,-1,182,-1,0,1,1
26,45027,1,10,5,6,184_,,0,-1,1,2,1,2,0,-1,-1,1,86,86,153,-1,1,158,-1,164,-1,1,0,167,-1,174,-1,180,-1,182,-1,0,2,1
27,45028,1,30,5,6,184_,,1,25,1,20,1,5,0,-1,-1,0,86,86,153,-1,1,54,-1,164,-1,1,1,92,-1,174,-1,180,-1,182,-1,0,1,1
28,45029,1,20,5,6,184_,,1,25,1,20,1,5,0,-1,-1,0,86,86,153,-1,1,54,-1,164,-1,1,1,92,-1,174,-1,180,-1,182,-1,0,1,1
29,45030,1,35,5,6,188_,,0,-1,1,4,1,15,0,-1,-1,0,86,86,153,-1,1,6,,164,-1,1,1,167,-1,177,-1,180,-1,182,-1,0,2,2
30,45032,1,30,5,6,184_,,0,-1,1,2,1,10,0,-1,-1,1,86,86,153,-1,1,156,-1,162,-1,0,1,92,-1,177,-1,180,-1,182,-1,0,1,1
31,45033,1,30,5,6,184_,,0,-1,1,0,1,0,0,-1,-1,0,86,86,153,-1,1,156,-1,162,-1,0,0,92,-1,177,-1,180,-1,182,-1,0,2,1
32,45034,1,15,5,6,184_,,0,-1,1,5,1,5,0,-1,-1,1,86,86,153,-1,1,156,-1,162,-1,0,0,92,-1,174,-1,180,-1,182,-1,0,2,1
33,45035,1,1,5,6,184_,,0,-1,1,10,1,5,0,-1,-1,1,86,86,153,-1,1,156,-1,162,-1,0,0,92,-1,177,-1,180,-1,182,-1,0,2,2
34,45036,1,30,2,4,184_,,1,20,1,10,1,5,0,-1,-1,4,86,86,153,-1,1,54,-1,165,-1,1,0,167,-1,174,-1,180,-1,6,,0,3,2
35,45037,1,12,2,4,"184_ 185,",,0,-1,1,5,1,3,0,-1,-1,3,86,86,153,-1,1,158,-1,164,-1,1,0,167,-1,174,-1,180,-1,6,,1,3,2
36,45038,1,16,5,5,184_,,1,10,1,15,1,10,0,-1,-1,0,86,86,153,-1,1,158,-1,164,-1,1,1,167,-1,177,-1,180,-1,182,-1,0,1,1
37,45039,1,16,5,5,184_,,1,10,1,20,1,10,0,-1,-1,0,86,86,153,-1,1,158,-1,164,-1,1,1,167,-1,177,-1,180,-1,182,-1,0,1,1
38,45040,1,20,2,5,188_,,1,10,1,15,1,10,0,-1,-1,0,86,86,153,-1,1,159,-1,164,-1,1,1,92,-1,177,-1,180,-1,182,-1,0,2,2
39,45041,0,-1,-1,-1,,,1,6,0,-1,1,13,0,-1,-1,0,86,86,153,-1,1,158,-1,164,-1,0,0,92,-1,177,-1,180,-1,182,-1,0,1,1
40,45042,1,16,3,6,184_,,1,5,0,-1,1,8,0,-1,-1,0,86,86,153,-1,1,161,-1,164,-1,1,1,92,-1,177,-1,180,-1,182,-1,0,2,2
41,45043,1,15,3,6,184_,,1,5,0,-1,1,5,0,-1,-1,0,86,86,153,-1,1,161,-1,164,-1,1,0,92,-1,177,-1,180,-1,182,-1,0,1,1
42,45044,1,8,3,6,184_,,0,-1,0,-1,1,14,0,-1,-1,0,86,86,154,-1,0,158,-1,164,-1,0,0,92,-1,177,-1,180,-1,182,-1,0,1,1
43,45045,1,15,4,6,184_,,1,5,0,-1,1,10,0,-1,-1,0,86,86,153,-1,1,161,-1,164,-1,1,1,92,-1,177,-1,180,-1,182,-1,0,2,2
44,45046,1,15,3,6,184_,,1,5,0,-1,1,5,0,-1,-1,0,86,86,153,-1,1,158,-1,164,-1,1,0,92,-1,177,-1,180,-1,182,-1,0,1,1
45,45047,1,15,3,6,184_,,1,10,0,-1,1,10,0,-1,-1,0,86,86,153,-1,1,158,-1,164,-1,1,1,92,-1,177,-1,180,-1,182,-1,0,2,2
46,45048,1,16,3,6,184_,,0,-1,1,5,1,8,0,-1,-1,0,86,86,153,-1,1,158,-1,164,-1,1,1,167,-1,177,-1,180,-1,182,-1,0,2,2
47,45049,1,30,5,6,"184_ 186,",,0,-1,0,-1,1,8,0,-1,-1,0,86,86,153,-1,1,158,-1,164,-1,0,1,92,-1,177,-1,180,-1,182,-1,0,1,1
48,45050,1,32,4,6,188_,,1,6,0,-1,1,6,0,-1,-1,0,86,86,153,-1,1,161,-1,164,-1,1,1,167,-1,177,-1,180,-1,182,-1,0,2,2
49,45051,0,-1,-1,-1,,,0,-1,0,-1,1,5,0,-1,-1,0,86,86,153,-1,1,158,-1,164,-1,1,1,167,-1,177,-1,180,-1,182,-1,0,2,2
50,45052,1,30,3,6,184_,,1,5,0,-1,1,5,0,-1,-1,0,86,86,153,-1,1,158,-1,164,-1,0,0,167,-1,177,-1,180,-1,182,-1,0,1,1
51,45053,1,30,4,6,"184_ 187,",,1,5,1,10,1,5,0,-1,-1,0,86,86,153,-1,1,158,-1,164,-1,1,1,167,-1,177,-1,180,-1,182,-1,0,3,1
52,45054,1,35,4,6,"184_ 187,",,1,5,0,-1,1,8,0,-1,-1,0,86,86,153,-1,1,156,-1,162,-1,0,1,167,-1,177,-1,180,-1,182,-1,0,4,4
53,45055,0,-1,-1,-1,,,1,8,0,-1,1,5,0,-1,-1,0,86,86,155,-1,0,158,-1,164,-1,0,1,92,-1,177,-1,180,-1,182,-1,0,1,1
54,45056,0,-1,-1,-1,,,1,10,0,-1,1,15,0,-1,-1,0,86,86,153,-1,1,158,-1,164,-1,0,0,92,-1,177,-1,180,-1,182,-1,0,1,1
55,45057,0,-1,-1,-1,,,1,10,0,-1,1,17,0,-1,-1,0,86,86,153,-1,1,158,-1,164,-1,0,0,92,-1,177,-1,180,-1,182,-1,0,1,1
56,45058,0,-1,-1,-1,,,1,8,0,-1,1,13,0,-1,-1,0,86,86,153,-1,1,158,-1,164,-1,1,0,167,-1,176,-1,180,-1,182,-1,0,1,1
57,45059,0,-1,-1,-1,,,1,10,0,-1,1,14,0,-1,-1,0,86,86,153,-1,1,158,-1,164,-1,1,0,92,-1,177,-1,180,-1,182,-1,0,1,1
58,45060,0,-1,-1,-1,,,1,14,0,-1,1,15,0,-1,-1,0,86,86,153,-1,1,158,-1,164,-1,0,1,92,-1,177,-1,180,-1,182,-1,0,1,1
59,45061,0,-1,-1,-1,,,0,-1,0,-1,1,15,0,-1,-1,0,86,86,153,-1,1,158,-1,164,-1,0,1,92,-1,177,-1,180,-1,182,-1,0,2,2
60,45062,0,-1,-1,-1,,,0,-1,0,-1,1,18,0,-1,-1,0,86,86,153,-1,1,158,-1,164,-1,1,1,92,-1,177,-1,180,-1,182,-1,0,2,1
61,45063,0,-1,-1,-1,,,0,-1,0,-1,1,19,0,-1,-1,0,86,86,153,-1,1,158,-1,164,-1,1,0,92,-1,177,-1,180,-1,182,-1,0,1,1
62,45064,0,-1,-1,-1,,,0,-1,0,-1,1,10,0,-1,-1,0,86,86,153,-1,1,156,-1,162,-1,0,1,92,-1,177,-1,180,-1,182,-1,0,2,1
63,45065,0,-1,-1,-1,,,0,-1,0,-1,1,13,0,-1,-1,0,86,86,153,-1,1,156,-1,162,-1,0,1,92,-1,177,-1,179,-1,182,-1,0,3,3
64,45066,0,-1,-1,-1,,,0,-1,0,-1,1,15,0,-1,-1,0,86,86,153,-1,1,156,-1,162,-1,0,1,167,-1,177,-1,179,-1,182,-1,0,2,1
65,45067,0,-1,-1,-1,,,0,-1,0,-1,1,10,0,-1,-1,0,86,86,153,-1,0,158,-1,162,-1,0,0,92,-1,177,-1,179,-1,182,-1,0,3,3
66,45068,0,-1,-1,-1,,,0,-1,0,-1,1,14,0,-1,-1,0,86,86,153,-1,1,6,,164,-1,1,1,92,-1,177,-1,180,-1,182,-1,0,3,2
67,45069,0,-1,-1,-1,,,0,-1,0,-1,1,12,0,-1,-1,0,86,86,153,-1,1,158,-1,164,-1,1,1,92,-1,177,-1,180,-1,182,-1,0,2,1
68,45070,0,-1,-1,-1,,,0,-1,0,-1,1,11,0,-1,-1,1,86,86,153,-1,1,161,-1,164,-1,0,0,167,-1,177,-1,180,-1,182,-1,0,3,3
69,45071,0,-1,-1,-1,,,1,5,1,20,1,3,0,-1,-1,0,86,86,153,-1,1,161,-1,164,-1,1,1,92,-1,177,-1,180,-1,182,-1,0,4,2
70,45072,0,-1,-1,-1,,,1,7,1,22,1,5,0,-1,-1,0,86,86,153,-1,1,156,-1,162,-1,0,1,167,-1,177,-1,180,-1,182,-1,0,2,1
71,45073,0,-1,-1,-1,,,1,12,0,-1,1,4,0,-1,-1,2,86,86,153,-1,1,161,-1,164,-1,1,1,92,-1,177,-1,180,-1,182,-1,0,3,2
72,45074,0,-1,-1,-1,,,1,22,1,20,1,3,0,-1,-1,0,86,86,153,-1,1,161,-1,164,-1,1,1,167,-1,177,-1,180,-1,182,-1,0,2,2
73,45075,0,-1,-1,-1,,,1,21,1,19,1,5,0,-1,-1,0,86,86,153,-1,1,161,-1,162,-1,0,0,92,-1,177,-1,180,-1,182,-1,0,1,1
74,45076,0,-1,-1,-1,,,1,22,1,5,1,5,0,-1,-1,0,86,86,153,-1,1,161,-1,164,-1,1,1,167,-1,177,-1,180,-1,182,-1,0,2,1
75,45077,0,-1,-1,-1,,,1,22,1,5,1,5,0,-1,-1,0,86,86,153,-1,1,161,-1,164,-1,1,0,92,-1,177,-1,180,-1,182,-1,0,1,1
76,45078,0,-1,-1,-1,,,1,25,1,5,1,5,0,-1,-1,0,86,86,153,-1,1,161,-1,164,-1,1,0,92,-1,177,-1,180,-1,182,-1,0,2,1
77,45079,0,-1,-1,-1,,,0,-1,1,3,1,5,0,-1,-1,0,86,86,153,-1,1,158,-1,164,-1,1,1,167,-1,177,-1,180,-1,182,-1,0,2,1
78,45080,0,-1,-1,-1,,,0,-1,1,5,1,10,0,-1,-1,0,86,86,153,-1,1,158,-1,164,-1,1,1,167,-1,177,-1,180,-1,182,-1,0,2,2
79,45081,1,1,1,5,184_,,1,2,0,-1,1,3,0,-1,-1,0,86,86,153,-1,1,158,-1,164,-1,1,1,92,-1,177,-1,180,-1,182,-1,0,2,2
80,45082,1,2,1,5,184_,,1,3,0,-1,1,3,0,-1,-1,0,86,86,153,-1,1,156,-1,162,-1,0,0,92,-1,177,-1,180,-1,182,-1,0,2,2
81,45083,0,-1,-1,-1,,,1,1,0,-1,1,2,0,-1,-1,0,86,86,153,-1,1,156,-1,162,-1,0,0,167,-1,177,-1,180,-1,182,-1,0,2,1
82,45084,0,-1,-1,-1,,,1,10,0,-1,1,10,0,-1,-1,0,86,86,153,-1,1,156,-1,162,-1,0,0,167,-1,177,-1,180,-1,182,-1,0,1,1
83,45085,0,-1,-1,-1,,,1,12,0,-1,0,-1,0,-1,-1,0,86,86,153,-1,1,161,-1,164,-1,1,0,167,-1,177,-1,180,-1,182,-1,0,1,1
84,45086,0,-1,-1,-1,,,1,12,1,2,1,2,0,-1,-1,0,86,86,153,-1,1,161,-1,164,-1,1,1,167,-1,177,-1,180,-1,182,-1,0,2,2
85,45087,0,-1,-1,-1,,,0,-1,1,3,0,-1,0,-1,-1,1,86,86,153,-1,1,156,-1,162,-1,0,1,167,-1,177,-1,180,-1,182,-1,0,3,3
86,45088,0,-1,-1,-1,,,0,-1,1,3,1,5,0,-1,-1,0,86,86,153,-1,1,158,-1,164,-1,1,1,167,-1,177,-1,180,-1,182,-1,0,3,3
87,45089,1,22,2,3,184_,,0,-1,0,-1,1,3,0,-1,-1,0,86,86,153,-1,1,158,-1,164,-1,1,1,167,-1,177,-1,180,-1,182,-1,0,2,2
88,45090,1,16,2,5,184_,,1,20,0,-1,1,3,0,-1,-1,0,86,86,153,-1,1,161,-1,164,-1,1,1,167,-1,177,-1,180,-1,182,-1,0,3,2
89,45091,1,16,3,4,184_,,0,-1,1,24,1,2,0,-1,-1,1,86,86,155,-1,0,158,-1,165,-1,1,0,167,-1,174,-1,180,-1,6,,1,3,1
90,45092,1,2,3,9,184_,,1,3,1,2,1,12,0,-1,-1,10,86,86,153,-1,1,6,,165,-1,1,0,167,-1,174,-1,180,-1,6,,0,5,4
91,45093,1,12,3,9,184_,,1,2,1,4,1,3,0,-1,-1,1,86,86,153,-1,1,161,-1,165,-1,1,1,92,-1,177,-1,180,-1,182,-1,0,2,1
92,45094,1,12,4,9,184_,,1,2,1,4,1,3,0,-1,-1,0,86,86,153,-1,1,156,-1,162,-1,0,1,92,-1,177,-1,180,-1,182,-1,0,1,1
93,45095,1,12,5,9,184_,,1,2,1,4,1,4,0,-1,-1,0,86,86,153,-1,1,156,-1,162,-1,0,1,92,-1,177,-1,180,-1,182,-1,0,1,1
94,45096,1,18,2,5,184_,,0,-1,1,4,0,-1,0,-1,-1,1,86,86,153,-1,1,158,-1,164,-1,1,0,167,-1,177,-1,180,-1,6,,0,2,1
95,45097,1,18,2,5,184_,,0,-1,1,4,0,-1,0,-1,-1,0,86,86,153,-1,1,161,-1,165,-1,1,0,167,-1,177,-1,180,-1,182,-1,0,2,1
96,45098,1,18,2,5,184_,,0,-1,1,4,0,-1,0,-1,-1,0,86,86,153,-1,1,161,-1,163,-1,0,0,167,-1,177,-1,180,-1,182,-1,0,1,1
97,45099,1,35,5,9,184_,,1,5,1,0,1,4,0,-1,-1,0,86,86,153,-1,1,158,-1,164,-1,1,0,167,-1,174,-1,180,-1,6,,0,3,2
98,45100,0,-1,-1,-1,,,1,22,1,2,1,8,0,-1,-1,2,86,86,153,-1,1,161,-1,165,-1,1,1,167,-1,174,-1,180,-1,182,-1,0,1,1
99,45101,0,-1,-1,-1,,,1,20,1,1,1,15,0,-1,-1,0,86,86,153,-1,1,161,-1,164,-1,1,1,92,-1,177,-1,180,-1,182,-1,0,3,2
100,45102,0,-1,-1,-1,,,1,20,1,5,1,15,0,-1,-1,0,86,86,153,-1,1,158,-1,165,-1,1,0,167,-1,174,-1,180,-1,182,-1,0,3,1
101,45103,0,-1,-1,-1,,,1,20,1,5,1,15,0,-1,-1,1,86,86,153,-1,1,158,-1,165,-1,1,0,167,-1,174,-1,179,-1,182,-1,0,2,2
102,45104,1,10,3,4,184_,,0,-1,1,24,1,2,0,-1,-1,1,86,86,155,-1,0,158,-1,165,-1,1,0,167,-1,174,-1,180,-1,6,,1,2,1
103,45105,1,16,3,4,184_,,0,-1,1,24,1,2,0,-1,-1,1,86,86,155,-1,0,158,-1,165,-1,1,0,167,-1,174,-1,180,-1,6,,1,3,2
104,45106,0,-1,-1,-1,,,1,22,1,10,1,18,0,-1,-1,1,86,86,153,-1,1,54,-1,164,-1,1,1,167,-1,177,-1,180,-1,6,,0,2,2
105,45107,1,20,3,9,184_,,1,5,1,12,1,20,0,-1,-1,0,86,86,153,-1,1,6,,165,-1,1,0,167,-1,174,-1,180,-1,6,,0,1,1
106,45108,1,20,3,9,184_,,1,5,1,12,1,20,0,-1,-1,0,86,86,153,-1,1,6,,165,-1,1,0,167,-1,174,-1,180,-1,6,,0,1,1
107,45109,1,20,3,9,184_,,1,5,1,12,1,20,0,-1,-1,0,86,86,153,-1,1,6,,165,-1,1,0,167,-1,174,-1,180,-1,6,,0,1,1
108,45110,1,20,3,10,184_,,1,5,1,12,1,20,0,-1,-1,5,86,86,153,-1,1,6,,165,-1,1,0,167,-1,174,-1,180,-1,6,,0,3,2
109,45111,1,15,4,12,184_,,1,10,1,20,1,25,0,-1,-1,0,86,86,153,-1,1,158,-1,165,-1,1,0,92,-1,177,-1,180,-1,182,-1,0,1,1
110,45112,1,8,3,10,184_,,1,10,1,25,1,25,0,-1,-1,0,86,86,153,-1,1,54,-1,165,-1,1,0,167,-1,177,-1,180,-1,182,-1,1,1,1
111,45113,1,5,3,8,"184_ 186,",,1,20,1,15,1,20,0,-1,-1,0,86,86,153,-1,1,161,-1,165,-1,1,0,92,-1,177,-1,180,-1,182,-1,0,4,2
112,45114,1,35,5,10,184_,,0,-1,0,-1,1,15,0,-1,-1,0,86,86,153,-1,1,158,-1,164,-1,1,0,167,-1,177,-1,179,-1,182,-1,0,1,1
113,45115,1,32,4,10,184_,,0,-1,0,-1,1,10,0,-1,-1,0,86,86,153,-1,0,158,-1,164,-1,1,0,167,-1,177,-1,179,-1,182,-1,0,1,1
114,45116,1,38,4,10,184_,,0,-1,0,-1,1,12,0,-1,-1,0,86,86,153,-1,1,158,-1,164,-1,1,0,92,-1,177,-1,179,-1,182,-1,0,1,1
115,45117,1,35,5,10,"184_ 186,",,0,-1,0,-1,1,20,0,-1,-1,1,86,86,153,-1,1,156,-1,163,-1,0,0,92,-1,177,-1,180,-1,182,-1,1,3,2
116,45118,1,30,5,11,"184_ 186,",,1,25,0,-1,1,25,0,-1,-1,1,86,86,153,-1,1,156,-1,162,-1,0,0,92,-1,177,-1,179,-1,182,-1,0,1,1
117,45119,0,-1,-1,-1,,,1,25,1,10,1,10,0,-1,-1,0,86,86,155,-1,0,158,-1,165,-1,1,0,167,-1,174,-1,180,-1,182,-1,0,2,2
118,45120,0,-1,-1,-1,,,1,25,1,10,1,10,0,-1,-1,6,86,86,155,-1,0,158,-1,165,-1,1,0,167,-1,174,-1,180,-1,182,-1,0,4,4
119,45121,0,-1,-1,-1,,,1,25,1,10,1,10,0,-1,-1,6,86,86,155,-1,0,158,-1,165,-1,1,0,167,-1,174,-1,180,-1,182,-1,0,5,4
120,45123,0,-1,-1,-1,,,1,15,1,25,0,-1,0,-1,-1,0,86,86,153,-1,1,158,-1,165,-1,1,1,167,-1,174,-1,180,-1,182,-1,1,3,2
121,45124,0,-1,-1,-1,,,0,-1,0,-1,0,-1,0,-1,-1,2,86,86,153,-1,1,158,-1,165,-1,1,0,167,-1,176,-1,180,-1,182,-1,0,2,2
122,45125,0,-1,-1,-1,,,0,-1,1,5,1,10,0,-1,-1,2,86,86,153,-1,1,156,-1,165,-1,1,0,167,-1,174,-1,180,-1,182,-1,0,4,4
123,45126,0,-1,-1,-1,,,1,22,1,10,1,12,0,-1,-1,0,86,86,153,-1,1,158,-1,164,-1,1,0,167,-1,176,-1,180,-1,182,-1,0,2,2
124,45127,0,-1,-1,-1,,,0,-1,0,-1,1,15,0,-1,-1,0,86,86,153,-1,0,158,-1,164,-1,1,0,92,-1,177,-1,180,-1,182,-1,1,2,1
125,45128,0,-1,-1,-1,,,0,-1,1,8,1,10,0,-1,-1,2,86,86,153,-1,0,158,-1,164,-1,1,0,167,-1,177,-1,180,-1,182,-1,1,2,2
126,45129,0,-1,-1,-1,,,0,-1,1,8,1,10,0,-1,-1,1,86,86,153,-1,0,156,-1,162,-1,0,0,167,-1,177,-1,180,-1,182,-1,1,2,1
127,45130,0,-1,-1,-1,,,1,12,1,5,1,12,0,-1,-1,5,86,86,153,-1,1,161,-1,165,-1,1,0,167,-1,176,-1,180,-1,182,-1,0,2,2
128,45131,1,40,1,2,184_,,1,8,1,2,1,15,0,-1,-1,1,86,86,153,-1,1,156,-1,163,-1,0,1,167,-1,177,-1,180,-1,182,-1,1,4,4
129,45132,1,25,1,2,184_,,1,12,1,2,1,20,0,-1,-1,1,86,86,153,-1,1,156,-1,162,-1,0,0,167,-1,177,-1,179,-1,182,-1,0,2,2
130,45133,1,25,1,2,184_,,1,10,1,2,1,15,1,25,27,0,86,86,153,-1,1,156,-1,162,-1,0,0,167,-1,177,-1,179,-1,182,-1,0,2,2
131,45134,0,-1,-1,-1,,,1,1,1,8,0,-1,1,15,16,1,86,86,153,-1,1,158,-1,164,-1,1,1,167,-1,176,-1,180,-1,182,-1,1,3,2
132,45135,1,3,1,5,184_,,1,20,1,5,1,15,1,40,41,1,86,86,153,-1,1,156,-1,163,-1,0,1,92,-1,177,-1,180,-1,182,-1,0,2,2
133,45136,1,5,1,5,184_,,1,15,1,6,1,20,1,20,22,1,86,86,153,-1,1,54,-1,164,-1,1,1,92,-1,176,-1,180,-1,182,-1,1,2,1
134,45137,1,5,4,5,184_,,1,20,1,6,1,18,1,20,22,1,86,86,153,-1,1,54,-1,164,-1,1,1,92,-1,176,-1,180,-1,182,-1,1,2,2
135,45138,1,8,1,5,184_,,1,12,1,10,0,-1,1,15,2,0,86,86,153,-1,1,54,-1,164,-1,0,0,167,-1,174,-1,180,-1,182,-1,0,2,2
136,45139,1,12,3,5,184_,,0,-1,1,1,1,10,0,-1,-1,2,86,86,155,-1,0,158,-1,165,-1,1,1,167,-1,174,-1,180,-1,6,,1,6,1
137,45140,1,30,4,15,184_,,0,-1,1,15,1,15,0,-1,-1,1,86,86,153,-1,1,54,-1,162,-1,1,1,167,-1,177,-1,180,-1,182,-1,0,3,3
138,45141,1,38,4,15,184_,,0,-1,1,2,0,-1,0,-1,-1,0,86,86,153,-1,1,158,-1,164,-1,1,1,167,-1,177,-1,180,-1,182,-1,0,1,1
139,45142,1,6,4,15,184_,,0,-1,1,10,1,12,0,-1,-1,0,86,86,153,-1,1,161,-1,164,-1,1,1,92,-1,177,-1,180,-1,182,-1,1,2,2
140,45143,1,9,5,15,184_,,0,-1,1,12,1,12,0,-1,-1,1,86,86,153,-1,1,161,-1,164,-1,1,1,167,-1,174,-1,180,-1,182,-1,0,2,1
141,45144,1,30,2,15,184_,,0,-1,1,2,1,5,0,-1,-1,3,86,86,153,-1,1,161,-1,164,-1,1,1,167,-1,177,-1,180,-1,182,-1,0,1,1
142,45145,1,20,2,15,184_,,0,-1,1,5,1,10,0,-1,-1,1,86,86,54,-1,1,161,-1,165,-1,1,1,167,-1,176,-1,180,-1,182,-1,0,2,1
143,45146,1,15,1,15,184_,,0,-1,1,5,1,15,0,-1,-1,2,86,86,154,-1,0,158,-1,165,-1,1,0,167,-1,174,-1,180,-1,182,-1,0,4,2
144,45147,1,30,2,15,184_,,0,-1,1,10,0,-1,0,-1,-1,1,86,86,153,-1,1,158,-1,164,-1,1,1,167,-1,176,-1,180,-1,182,-1,0,4,2
145,45148,1,48,2,15,184_,,0,-1,1,10,0,-1,0,-1,-1,1,86,86,154,-1,0,158,-1,164,-1,1,1,167,-1,176,-1,180,-1,182,-1,0,3,3
146,45149,0,-1,-1,-1,,,0,-1,0,-1,0,-1,0,-1,-1,0,86,86,153,-1,1,161,-1,164,-1,0,1,167,-1,177,-1,180,-1,182,-1,1,1,1
147,45150,0,-1,-1,-1,,,0,-1,0,-1,0,-1,0,-1,-1,1,86,86,153,-1,1,161,-1,164,-1,1,1,167,-1,177,-1,180,-1,182,-1,0,3,2
148,45151,0,-1,-1,-1,,,0,-1,1,3,0,-1,0,-1,-1,0,86,86,153,-1,1,161,-1,164,-1,1,0,92,-1,177,-1,180,-1,182,-1,0,1,1
149,45152,0,-1,-1,-1,,,0,-1,1,3,0,-1,0,-1,-1,0,86,86,153,-1,1,161,-1,164,-1,1,1,92,-1,177,-1,180,-1,182,-1,0,1,1
150,45153,0,-1,-1,-1,,,0,-1,1,3,0,-1,0,-1,-1,0,86,86,153,-1,1,161,-1,164,-1,1,1,92,-1,177,-1,180,-1,182,-1,0,1,1
151,45154,1,45,3,4,184_,,0,-1,1,4,0,-1,0,-1,-1,1,86,86,153,-1,1,161,-1,164,-1,1,1,167,-1,177,-1,179,-1,6,,0,3,2
152,45155,1,0,1,1,184_,,0,-1,1,3,1,15,0,-1,-1,0,86,86,153,-1,1,158,-1,164,-1,1,1,92,-1,177,-1,180,-1,182,-1,0,3,2
153,45156,1,2,1,1,184_,,0,-1,1,1,1,20,0,-1,-1,0,86,86,153,-1,1,158,-1,164,-1,1,1,167,-1,177,-1,180,-1,182,-1,0,2,1
154,45157,1,2,1,1,184_,,0,-1,1,1,1,20,0,-1,-1,2,86,86,153,-1,1,158,-1,164,-1,1,1,167,-1,177,-1,180,-1,182,-1,0,2,1
155,45158,1,15,2,1,188_,,0,-1,1,20,1,15,0,-1,-1,0,86,86,153,-1,1,156,-1,162,-1,0,1,92,-1,177,-1,180,-1,182,-1,0,1,1
156,45159,1,16,2,1,184_,,0,-1,1,22,1,5,0,-1,-1,0,86,86,153,-1,1,156,-1,162,-1,0,1,92,-1,177,-1,180,-1,182,-1,0,1,1
157,45160,1,20,2,1,188_,,0,-1,0,-1,1,5,0,-1,-1,0,86,86,153,-1,1,158,-1,164,-1,1,1,92,-1,177,-1,180,-1,182,-1,0,3,2
158,45161,1,6,2,1,188_,,0,-1,1,15,1,15,0,-1,-1,0,86,86,153,-1,1,156,-1,162,-1,0,1,92,-1,177,-1,180,-1,182,-1,0,2,1
159,45162,1,10,2,1,188_,,0,-1,1,15,1,10,0,-1,-1,0,86,86,153,-1,1,156,-1,162,-1,0,1,92,-1,177,-1,180,-1,182,-1,0,3,2
160,45163,1,12,2,4,188_,,1,20,1,5,1,5,0,-1,-1,1,86,86,153,-1,1,54,-1,164,-1,1,1,167,-1,177,-1,180,-1,6,,0,1,1
161,45164,1,12,2,4,188_,,1,20,1,5,1,5,0,-1,-1,1,86,86,153,-1,1,54,-1,164,-1,1,1,167,-1,177,-1,180,-1,6,,0,2,1
162,45165,1,12,2,4,188_,,1,20,1,5,1,5,0,-1,-1,1,86,86,153,-1,1,54,-1,164,-1,1,1,167,-1,177,-1,180,-1,182,-1,0,2,1
163,45166,1,12,2,4,188_,,1,20,1,5,1,5,0,-1,-1,1,86,86,153,-1,1,54,-1,164,-1,1,1,167,-1,177,-1,180,-1,182,-1,0,1,1
164,45167,1,15,2,2,184_,,1,2,1,1,1,1,0,-1,-1,1,86,86,155,-1,0,161,-1,165,-1,1,0,167,-1,174,-1,180,-1,182,-1,0,6,5
165,45168,1,15,2,2,184_,,1,15,1,6,0,-1,0,-1,-1,1,86,86,153,-1,1,156,-1,162,-1,0,0,92,-1,177,-1,180,-1,182,-1,0,2,1
166,45169,1,5,2,4,188_,,1,15,1,8,0,-1,0,-1,-1,0,86,86,153,-1,1,156,-1,162,-1,0,1,92,-1,177,-1,180,-1,182,-1,0,2,1
167,45170,1,28,2,4,184_,,0,-1,1,2,0,-1,0,-1,-1,1,86,86,153,-1,1,54,-1,164,-1,1,1,167,-1,177,-1,180,-1,182,-1,0,2,2
168,45171,0,-1,-1,-1,,,0,-1,1,11,0,-1,0,-1,-1,0,86,86,153,-1,1,156,-1,164,-1,1,0,167,-1,177,-1,180,-1,182,-1,0,1,1
169,45172,0,-1,-1,-1,,,0,-1,1,3,1,15,0,-1,-1,2,86,86,153,-1,1,54,-1,165,-1,1,1,92,-1,177,-1,180,-1,182,-1,1,2,1
170,45173,0,-1,-1,-1,,,0,-1,1,4,1,15,0,-1,-1,1,86,86,155,-1,0,54,-1,165,-1,1,0,92,-1,177,-1,180,-1,182,-1,1,1,1
171,45174,0,-1,-1,-1,,,0,-1,1,6,1,16,0,-1,-1,1,86,86,153,-1,0,54,-1,165,-1,1,0,92,-1,177,-1,180,-1,182,-1,1,1,1
172,45175,0,-1,-1,-1,,,0,-1,1,5,1,14,0,-1,-1,0,86,86,153,-1,0,54,-1,165,-1,1,0,92,-1,177,-1,180,-1,182,-1,1,1,1
173,45176,0,-1,-1,-1,,,0,-1,1,12,0,-1,0,-1,-1,1,86,86,153,-1,1,156,-1,164,-1,1,0,167,-1,176,-1,180,-1,182,-1,0,1,1
174,45177,0,-1,-1,-1,,,0,-1,1,12,0,-1,0,-1,-1,0,86,86,153,-1,1,156,-1,164,-1,1,0,167,-1,174,-1,180,-1,182,-1,0,2,2
175,45178,0,-1,-1,-1,,,0,-1,1,12,0,-1,0,-1,-1,1,86,86,153,-1,0,156,-1,164,-1,1,0,167,-1,176,-1,180,-1,182,-1,0,1,1
176,45179,0,-1,-1,-1,,,0,-1,1,12,0,-1,0,-1,-1,0,86,86,153,-1,1,156,-1,164,-1,1,0,167,-1,174,-1,180,-1,182,-1,0,1,1
177,45180,0,-1,-1,-1,,,1,7,0,-1,1,12,0,-1,-1,0,86,86,153,-1,1,156,-1,165,-1,1,0,167,-1,176,-1,180,-1,182,-1,0,2,2
178,45181,1,35,4,8,184_,,1,10,1,8,1,12,0,-1,-1,0,86,86,153,-1,1,156,-1,164,-1,1,0,92,-1,177,-1,180,-1,182,-1,0,2,2
179,45182,1,25,3,8,184_,,0,-1,0,-1,1,12,0,-1,-1,0,86,86,153,-1,1,156,-1,164,-1,1,0,92,-1,177,-1,180,-1,182,-1,0,1,1
180,45183,1,20,3,8,184_,,0,-1,1,8,1,10,0,-1,-1,0,86,86,153,-1,1,158,-1,164,-1,1,0,167,-1,177,-1,180,-1,182,-1,0,2,2
181,45184,1,14,3,5,184_,,0,-1,1,20,1,4,1,15,10,0,86,86,153,-1,0,161,-1,164,-1,1,0,167,-1,177,-1,180,-1,182,-1,1,2,2
182,45185,1,13,5,5,184_,,0,-1,1,20,1,6,0,-1,-1,0,86,86,153,-1,1,158,-1,164,-1,1,0,167,-1,177,-1,180,-1,182,-1,1,2,2
183,45186,1,12,2,5,184_,,0,-1,1,21,1,8,0,-1,-1,0,86,86,153,-1,1,158,-1,164,-1,1,0,92,-1,177,-1,180,-1,182,-1,0,2,2
184,45187,1,16,3,5,184_,,0,-1,1,23,1,15,0,-1,-1,0,86,86,153,-1,0,156,-1,162,-1,0,0,167,-1,177,-1,180,-1,182,-1,0,1,1
185,45188,1,1,1,5,184_,,0,-1,1,5,1,5,0,-1,-1,0,86,86,153,-1,0,54,-1,164,-1,1,0,92,-1,177,-1,180,-1,182,-1,0,3,3
186,45189,1,3,1,2,184_,,0,-1,0,-1,1,6,0,-1,-1,0,86,86,153,-1,1,158,-1,165,-1,1,0,92,-1,177,-1,180,-1,182,-1,0,1,1
187,45190,1,5,2,2,184_,,0,-1,1,6,1,8,0,-1,-1,1,86,86,153,-1,1,161,-1,164,-1,1,0,167,-1,177,-1,180,-1,182,-1,0,1,1
188,45191,1,5,2,2,184_,,0,-1,1,6,1,8,0,-1,-1,0,86,86,153,-1,1,54,-1,162,-1,0,0,92,-1,177,-1,180,-1,182,-1,0,1,1
189,45192,1,18,1,2,188_,,1,15,1,8,1,10,0,-1,-1,0,86,86,153,-1,1,158,-1,164,-1,1,1,167,-1,177,-1,180,-1,182,-1,0,2,2
190,45193,1,20,2,2,188_,,1,12,1,15,1,12,0,-1,-1,0,86,86,153,-1,1,161,-1,164,-1,1,0,167,-1,177,-1,180,-1,182,-1,0,2,2
191,45194,1,20,1,2,188_,,1,11,1,18,1,13,0,-1,-1,1,86,86,153,-1,1,158,-1,164,-1,1,0,167,-1,177,-1,180,-1,182,-1,0,1,1
192,45195,1,18,2,2,188_,,1,10,1,16,1,15,0,-1,-1,0,86,86,153,-1,1,158,-1,164,-1,1,0,167,-1,177,-1,180,-1,182,-1,0,1,1
193,45196,1,25,1,2,184_,,1,5,1,20,1,8,0,-1,-1,0,86,86,153,-1,1,161,-1,164,-1,1,0,167,-1,177,-1,180,-1,6,,1,2,2
194,45197,1,30,1,2,188_,,1,5,1,10,1,15,0,-1,-1,0,86,86,153,-1,1,158,-1,164,-1,1,1,167,-1,177,-1,180,-1,6,,1,4,3
195,45198,1,20,2,2,188_,,1,15,1,12,1,12,0,-1,-1,0,86,86,153,-1,1,161,-1,164,-1,1,1,92,-1,177,-1,180,-1,6,,0,1,1
196,45199,1,3,1,2,188_,,1,15,1,18,1,15,0,-1,-1,3,86,86,153,-1,1,54,-1,164,-1,1,1,167,-1,177,-1,180,-1,6,,1,3,3
197,45200,1,2,1,2,184_,,0,-1,1,5,1,7,0,-1,-1,0,86,86,153,-1,1,156,-1,162,-1,0,0,92,-1,177,-1,180,-1,182,-1,0,2,2
198,45201,1,10,1,2,188_,,0,-1,1,2,1,5,0,-1,-1,0,86,86,153,-1,1,158,-1,164,-1,1,0,92,-1,174,-1,180,-1,6,,0,2,2
199,45202,1,10,1,2,184_,,0,-1,1,1,1,5,0,-1,-1,2,86,86,153,-1,1,158,-1,165,-1,1,1,167,-1,174,-1,180,-1,6,,1,4,4
200,45203,0,-1,-1,-1,,,0,-1,1,20,1,10,0,-1,-1,0,86,86,153,-1,1,54,-1,164,-1,1,0,92,-1,177,-1,180,-1,182,-1,0,1,1
201,45204,0,-1,-1,-1,,,0,-1,1,20,1,10,0,-1,-1,0,86,86,153,-1,1,161,-1,164,-1,1,0,92,-1,177,-1,180,-1,182,-1,0,1,1
202,45205,0,-1,-1,-1,,,1,12,1,15,1,5,0,-1,-1,0,86,86,153,-1,1,156,-1,162,-1,0,0,92,-1,177,-1,180,-1,182,-1,0,2,2
203,45206,0,-1,-1,-1,,,1,25,1,2,1,10,0,-1,-1,0,86,86,153,-1,1,156,-1,162,-1,0,0,92,-1,177,-1,180,-1,182,-1,0,1,1
204,45207,0,-1,-1,-1,,,1,15,1,3,1,3,0,-1,-1,0,86,86,153,-1,1,156,-1,162,-1,0,0,92,-1,177,-1,180,-1,182,-1,0,2,2
205,45208,0,-1,-1,-1,,,1,2,1,1,1,5,0,-1,-1,1,86,86,153,-1,1,54,-1,164,-1,1,0,92,-1,177,-1,180,-1,182,-1,0,3,3
206,45209,0,-1,-1,-1,,,0,-1,0,-1,1,5,0,-1,-1,0,86,86,153,-1,1,156,-1,162,-1,0,0,92,-1,177,-1,180,-1,182,-1,0,1,1
207,45210,0,-1,-1,-1,,,0,-1,1,8,1,1,0,-1,-1,0,86,86,153,-1,1,158,-1,164,-1,1,1,167,-1,177,-1,180,-1,182,-1,0,2,1
208,45211,1,7,3,4,184_,,1,15,1,1,1,0,0,-1,-1,2,86,86,153,-1,1,158,-1,164,-1,1,1,167,-1,177,-1,180,-1,182,-1,0,3,2
209,45212,0,-1,-1,-1,,,0,-1,0,-1,1,2,0,-1,-1,5,86,86,154,-1,1,6,,164,-1,1,1,167,-1,177,-1,180,-1,182,-1,0,3,2
210,45213,1,15,2,4,184_,,0,-1,1,3,1,15,0,-1,-1,1,86,86,153,-1,1,158,-1,165,-1,1,1,167,-1,177,-1,180,-1,6,,0,2,1
211,45214,1,15,2,4,184_,,0,-1,1,3,1,15,0,-1,-1,1,86,86,153,-1,1,158,-1,165,-1,1,1,167,-1,177,-1,180,-1,6,,0,3,2
212,45215,1,12,2,4,184_,,0,-1,1,0,1,15,0,-1,-1,1,86,86,153,-1,1,54,-1,164,-1,1,0,167,-1,177,-1,180,-1,6,,0,2,1
213,45216,1,12,2,4,184_,,0,-1,1,0,1,15,0,-1,-1,1,86,86,153,-1,1,161,-1,164,-1,1,0,167,-1,177,-1,180,-1,6,,0,3,2
214,45217,1,15,2,4,188_,,0,-1,1,5,1,15,0,-1,-1,1,86,86,153,-1,1,158,-1,165,-1,1,0,167,-1,176,-1,180,-1,6,,0,4,2
215,45218,1,15,2,3,184_,,0,-1,1,5,1,15,0,-1,-1,1,86,86,153,-1,1,161,-1,163,-1,0,1,92,-1,177,-1,180,-1,6,,0,1,1
216,45219,1,15,2,4,184_,,0,-1,1,1,1,15,0,-1,-1,0,86,86,153,-1,1,161,-1,164,-1,0,1,167,-1,177,-1,180,-1,6,,0,4,2
217,45221,1,20,2,4,188_,,1,22,1,2,1,15,0,-1,-1,1,86,86,153,-1,1,158,-1,165,-1,1,0,167,-1,177,-1,180,-1,6,,0,2,1
218,45222,1,20,2,4,184_,,1,22,1,2,1,15,0,-1,-1,1,86,86,153,-1,1,158,-1,165,-1,1,0,167,-1,177,-1,180,-1,6,,0,2,1
219,45223,1,20,2,2,184_,,1,20,1,5,1,17,0,-1,-1,1,86,86,153,-1,1,6,,164,-1,1,0,167,-1,176,-1,180,-1,182,-1,0,3,2
220,45224,1,40,2,2,188_,,1,22,1,5,1,15,0,-1,-1,0,86,86,153,-1,1,158,-1,164,-1,1,1,92,-1,177,-1,180,-1,182,-1,0,2,1
221,45225,1,40,2,2,188_,,1,22,1,5,1,15,0,-1,-1,0,86,86,153,-1,1,158,-1,164,-1,1,1,92,-1,177,-1,180,-1,182,-1,0,2,1
222,45226,1,20,2,3,188_,,0,-1,1,16,1,15,0,-1,-1,0,86,86,153,-1,1,6,,164,-1,1,1,92,-1,177,-1,180,-1,6,,0,3,2
223,45227,1,20,2,3,188_,,0,-1,1,24,1,15,0,-1,-1,0,86,86,153,-1,1,158,-1,164,-1,1,0,92,-1,177,-1,180,-1,182,-1,0,3,2
224,45228,1,20,2,3,188_,,1,5,1,2,1,2,0,-1,-1,0,86,86,153,-1,1,156,-1,162,-1,0,1,92,-1,177,-1,180,-1,182,-1,0,2,1
225,45229,1,20,2,3,184_,,1,5,1,2,1,2,0,-1,-1,0,86,86,153,-1,1,158,-1,164,-1,1,1,92,-1,177,-1,180,-1,182,-1,0,2,1
226,45230,1,12,2,2,184_,,1,12,1,10,1,10,0,-1,-1,2,86,86,153,-1,1,156,-1,162,-1,1,1,92,-1,177,-1,180,-1,6,,0,2,2
227,45231,1,12,2,5,184_,,0,-1,1,5,1,6,0,-1,-1,0,86,86,153,-1,1,161,-1,165,-1,1,0,92,-1,177,-1,179,-1,182,-1,0,1,1
228,45232,1,13,3,5,184_,,0,-1,1,5,1,5,0,-1,-1,0,86,86,153,-1,0,161,-1,164,-1,1,0,92,-1,177,-1,180,-1,182,-1,0,2,1
229,45233,1,20,3,8,184_,,1,22,1,3,1,3,0,-1,-1,1,86,86,153,-1,1,161,-1,162,-1,0,1,92,-1,177,-1,180,-1,182,-1,0,2,2
230,45234,1,35,4,10,184_,,1,23,1,21,1,26,0,-1,-1,0,86,86,153,-1,0,161,-1,164,-1,0,0,92,-1,177,-1,180,-1,182,-1,0,1,1
231,45235,1,35,4,10,184_,,1,23,1,22,1,15,0,-1,-1,0,86,86,153,-1,1,156,-1,162,-1,0,1,92,-1,177,-1,180,-1,182,-1,0,1,1
232,45236,0,-1,-1,-1,,,0,-1,0,-1,1,3,0,-1,-1,1,86,86,153,-1,1,158,-1,164,-1,1,1,92,-1,177,-1,180,-1,182,-1,0,1,1
233,45237,0,-1,-1,-1,,,0,-1,0,-1,1,10,0,-1,-1,2,86,86,153,-1,1,156,-1,162,-1,0,0,92,-1,177,-1,180,-1,182,-1,0,3,2
234,45238,0,-1,-1,-1,,,0,-1,0,-1,1,3,0,-1,-1,0,86,86,153,-1,1,158,-1,164,-1,1,0,92,-1,177,-1,180,-1,182,-1,0,1,1
235,45239,0,-1,-1,-1,,,0,-1,0,-1,1,15,0,-1,-1,1,86,86,153,-1,0,161,-1,164,-1,1,0,92,-1,177,-1,180,-1,182,-1,0,2,1
236,45240,0,-1,-1,-1,,,0,-1,0,-1,1,3,0,-1,-1,0,86,86,153,-1,1,158,-1,164,-1,1,0,92,-1,177,-1,180,-1,182,-1,0,1,1
237,45241,0,-1,-1,-1,,,0,-1,0,-1,1,15,0,-1,-1,0,86,86,153,-1,0,158,-1,164,-1,1,0,92,-1,177,-1,180,-1,182,-1,0,2,1
238,45242,1,38,3,10,184_,,0,-1,1,15,1,8,0,-1,-1,0,86,86,153,-1,0,156,-1,162,-1,0,1,92,-1,177,-1,180,-1,182,-1,0,4,4
239,45243,1,38,3,10,184_,,0,-1,1,5,1,9,0,-1,-1,1,86,86,153,-1,0,161,-1,164,-1,1,1,167,-1,177,-1,180,-1,182,-1,0,4,3
240,45244,1,40,3,10,"184_ 186,",,0,-1,1,5,1,5,1,3,2,0,86,86,153,-1,1,158,-1,164,-1,1,1,167,-1,174,-1,180,-1,182,-1,0,5,4
241,45245,1,10,3,10,184_,,0,-1,1,5,1,5,1,0,2,1,86,86,153,-1,1,158,-1,165,-1,1,0,167,-1,174,-1,180,-1,182,-1,0,3,3
242,45246,1,10,3,10,184_,,0,-1,1,8,1,5,0,-1,-1,0,86,86,153,-1,1,156,-1,162,-1,0,0,167,-1,177,-1,180,-1,182,-1,0,2,2
243,45247,1,17,2,10,184_,,0,-1,1,7,1,16,0,-1,-1,2,86,86,153,-1,1,156,-1,164,-1,0,0,92,-1,177,-1,180,-1,182,-1,0,2,2
244,45248,1,35,2,10,184_,,1,8,1,5,1,5,0,-1,-1,2,86,86,153,-1,1,54,-1,163,-1,1,1,167,-1,174,-1,180,-1,182,-1,0,1,1
245,45249,1,35,1,10,184_,,0,-1,1,10,1,12,0,-1,-1,0,86,86,153,-1,0,158,-1,165,-1,1,1,167,-1,177,-1,180,-1,182,-1,0,2,1
246,45250,1,15,3,12,184_,,1,7,1,5,1,3,0,-1,-1,2,86,86,153,-1,1,161,-1,164,-1,1,1,167,-1,174,-1,180,-1,182,-1,0,5,5
247,45251,1,40,2,5,188_,,1,1,1,2,1,4,0,-1,-1,2,86,86,155,-1,0,158,-1,165,-1,1,0,167,-1,174,-1,180,-1,6,,0,5,2
248,45252,1,40,0,5,188_,,1,2,1,2,1,5,0,-1,-1,0,86,86,155,-1,0,158,-1,165,-1,1,0,167,-1,174,-1,180,-1,6,,0,2,1
249,45253,1,18,0,2,188_,,0,-1,1,1,1,2,0,-1,-1,0,86,86,155,-1,0,158,-1,165,-1,1,0,167,-1,174,-1,180,-1,6,,0,2,1
250,45254,1,2,2,2,188_,,0,-1,1,5,1,8,0,-1,-1,2,86,86,153,-1,1,54,-1,165,-1,1,1,92,-1,177,-1,180,-1,6,,0,4,3
251,45255,1,3,0,2,188_,,0,-1,1,1,1,2,0,-1,-1,2,86,86,153,-1,1,158,-1,164,-1,0,0,167,-1,177,-1,180,-1,6,,0,1,1
252,45256,1,1,1,2,184_,,0,-1,1,2,1,2,0,-1,-1,1,86,86,153,-1,1,158,-1,164,-1,1,0,167,-1,174,-1,180,-1,6,,0,3,1
253,45257,1,1,1,3,184_,,0,-1,1,15,1,6,0,-1,-1,1,86,86,153,-1,1,158,-1,165,-1,1,1,167,-1,174,-1,180,-1,182,-1,0,6,4
254,45258,1,25,1,3,188_,,0,-1,1,8,1,1,0,-1,-1,1,86,86,153,-1,1,158,-1,165,-1,1,0,167,-1,174,-1,180,-1,6,,0,3,2
255,45259,1,25,3,3,188_,,0,-1,1,8,1,1,0,-1,-1,1,86,86,153,-1,1,158,-1,165,-1,1,0,167,-1,174,-1,180,-1,6,,0,2,2
256,45260,0,-1,-1,-1,,,1,20,0,-1,1,10,0,-1,-1,0,86,87,153,-1,1,156,-1,162,-1,0,0,92,-1,177,-1,180,-1,182,-1,0,2,2
257,45261,0,-1,-1,-1,,,1,15,0,-1,1,15,0,-1,-1,0,86,87,153,-1,1,156,-1,162,-1,0,0,92,-1,177,-1,180,-1,182,-1,0,1,1
258,45262,0,-1,-1,-1,,,1,20,0,-1,1,20,0,-1,-1,0,86,87,153,-1,1,156,-1,162,-1,0,0,92,-1,177,-1,180,-1,182,-1,0,1,1
259,45263,0,-1,-1,-1,,,1,12,0,-1,1,15,0,-1,-1,0,86,87,153,-1,1,156,-1,162,-1,0,0,92,-1,177,-1,180,-1,182,-1,0,1,1
260,45264,0,-1,-1,-1,,,1,15,0,-1,1,15,0,-1,-1,0,86,87,153,-1,1,156,-1,162,-1,0,0,92,-1,177,-1,180,-1,182,-1,1,1,1
261,45265,0,-1,-1,-1,,,1,8,0,-1,1,10,0,-1,-1,0,86,87,153,-1,1,156,-1,162,-1,0,0,92,-1,177,-1,180,-1,182,-1,0,1,1
262,45266,0,-1,-1,-1,,,1,8,0,-1,1,10,0,-1,-1,0,86,87,153,-1,1,156,-1,162,-1,0,0,92,-1,177,-1,180,-1,182,-1,0,2,2
263,45267,0,-1,-1,-1,,,1,15,0,-1,1,10,0,-1,-1,0,86,87,153,-1,1,156,-1,162,-1,0,0,92,-1,177,-1,180,-1,182,-1,0,1,1
264,45268,0,-1,-1,-1,,,1,20,0,-1,1,5,0,-1,-1,0,86,87,153,-1,1,156,-1,162,-1,0,0,92,-1,177,-1,180,-1,182,-1,0,1,1
265,45269,0,-1,-1,-1,,,1,15,0,-1,1,20,0,-1,-1,1,86,87,153,-1,1,161,-1,164,-1,1,0,167,-1,177,-1,180,-1,182,-1,0,1,1
266,45270,0,-1,-1,-1,,,1,20,0,-1,1,15,0,-1,-1,1,86,87,153,-1,1,156,-1,162,-1,0,1,167,-1,177,-1,180,-1,182,-1,0,1,1
267,45272,0,-1,-1,-1,,,0,-1,0,-1,0,-1,0,-1,-1,1,86,87,153,-1,1,156,-1,162,-1,0,1,167,-1,177,-1,180,-1,182,-1,1,1,1
268,45273,0,-1,-1,-1,,,0,-1,0,-1,0,-1,0,-1,-1,1,86,87,153,-1,1,156,-1,162,-1,0,1,167,-1,177,-1,180,-1,182,-1,1,1,1
269,45274,1,14,1,1,188_,,0,-1,0,-1,0,-1,0,-1,-1,2,86,87,153,-1,1,54,-1,164,-1,1,1,167,-1,177,-1,180,-1,182,-1,1,1,1
270,45275,1,14,1,1,188_,,0,-1,0,-1,0,-1,0,-1,-1,0,86,87,153,-1,1,54,-1,164,-1,1,0,167,-1,177,-1,180,-1,182,-1,1,1,1
271,45276,1,14,1,1,188_,,0,-1,0,-1,0,-1,0,-1,-1,1,86,86,153,-1,1,54,-1,164,-1,1,0,167,-1,177,-1,180,-1,182,-1,1,1,1
272,45277,1,15,1,1,188_,,0,-1,0,-1,1,22,0,-1,-1,2,86,86,153,-1,1,161,-1,162,-1,0,1,167,-1,177,-1,179,-1,182,-1,1,2,2
273,45278,1,13,1,1,188_,,0,-1,0,-1,1,15,0,-1,-1,1,86,86,153,-1,1,161,-1,164,-1,1,1,167,-1,177,-1,180,-1,182,-1,0,1,1
274,45279,1,13,1,1,188_,,0,-1,0,-1,1,15,0,-1,-1,1,86,86,153,-1,1,158,-1,165,-1,1,0,167,-1,177,-1,180,-1,182,-1,0,1,1
275,45280,1,10,1,1,188_,,0,-1,0,-1,0,-1,0,-1,-1,1,86,86,153,-1,1,157,-1,164,-1,1,0,92,-1,177,-1,180,-1,182,-1,1,1,1
276,45281,1,13,1,1,188_,,0,-1,0,-1,1,22,0,-1,-1,1,86,86,153,-1,1,161,-1,164,-1,1,0,167,-1,177,-1,180,-1,182,-1,0,1,1
277,45282,1,14,1,1,184_,,0,-1,0,-1,0,-1,0,-1,-1,0,86,86,153,-1,1,156,-1,164,-1,1,0,167,-1,177,-1,180,-1,182,-1,0,2,2
278,45283,0,-1,-1,-1,,,0,-1,1,18,1,8,0,-1,-1,0,86,86,153,-1,1,156,-1,162,-1,0,1,167,-1,177,-1,180,-1,182,-1,0,1,1
279,45284,0,-1,-1,-1,,,0,-1,1,20,1,1,0,-1,-1,1,86,86,153,-1,1,158,-1,164,-1,1,1,167,-1,177,-1,180,-1,182,-1,0,2,2
280,45285,1,12,1,1,188_,,0,-1,0,-1,0,-1,0,-1,-1,0,86,86,153,-1,1,156,-1,164,-1,0,1,167,-1,177,-1,180,-1,6,,0,1,1
281,45286,1,12,1,1,188_,,0,-1,0,-1,0,-1,0,-1,-1,0,86,86,153,-1,1,156,-1,164,-1,0,1,167,-1,177,-1,180,-1,6,,0,1,1
282,45287,1,11,1,1,188_,,0,-1,0,-1,0,-1,0,-1,-1,1,86,86,153,-1,1,156,-1,165,-1,0,1,167,-1,177,-1,180,-1,6,,0,3,2
283,45288,1,11,1,1,188_,,0,-1,0,-1,0,-1,0,-1,-1,0,86,86,153,-1,1,6,,165,-1,1,0,167,-1,177,-1,180,-1,6,,0,2,2
284,45289,1,30,2,6,184_,,0,-1,0,-1,0,-1,0,-1,-1,0,86,86,153,-1,1,54,-1,164,-1,0,0,167,-1,177,-1,180,-1,182,-1,0,1,1
285,45290,1,35,2,6,184_,,0,-1,0,-1,0,-1,0,-1,-1,1,86,86,153,-1,1,161,-1,164,-1,1,0,167,-1,177,-1,180,-1,182,-1,0,1,1
286,45291,1,22,1,6,184_,,0,-1,0,-1,0,-1,0,-1,-1,0,86,86,153,-1,1,156,-1,162,-1,0,0,167,-1,177,-1,180,-1,182,-1,0,1,1
287,45292,1,4,1,6,184_,,1,15,0,-1,0,-1,0,-1,-1,0,86,86,153,-1,1,156,-1,162,-1,0,1,92,-1,177,-1,180,-1,182,-1,0,1,1
288,45293,1,2,1,6,184_,,1,15,0,-1,0,-1,0,-1,-1,0,86,86,153,-1,1,156,-1,162,-1,0,1,92,-1,177,-1,180,-1,182,-1,0,1,1
289,45294,1,4,1,6,184_,,1,13,0,-1,0,-1,0,-1,-1,0,86,86,153,-1,1,156,-1,162,-1,0,0,92,-1,177,-1,180,-1,182,-1,0,1,1
290,45295,1,5,1,6,184_,,1,18,0,-1,0,-1,0,-1,-1,0,86,86,153,-1,1,156,-1,162,-1,0,0,92,-1,177,-1,180,-1,182,-1,0,1,1
291,45296,1,10,2,6,184_,,1,20,0,-1,0,-1,0,-1,-1,0,86,86,153,-1,1,158,-1,164,-1,0,0,92,-1,177,-1,180,-1,182,-1,0,2,1
292,45297,1,21,3,6,184_,,1,5,0,-1,0,-1,0,-1,-1,0,86,86,153,-1,1,156,-1,162,-1,0,0,92,-1,177,-1,180,-1,182,-1,0,1,1
293,45298,1,32,3,6,184_,,0,-1,0,-1,0,-1,0,-1,-1,0,86,86,153,-1,1,156,-1,162,-1,0,0,92,-1,177,-1,180,-1,182,-1,0,1,1
294,45299,1,34,3,6,184_,,1,10,0,-1,0,-1,0,-1,-1,0,86,86,153,-1,1,156,-1,162,-1,0,0,92,-1,177,-1,180,-1,182,-1,0,1,1
295,45300,1,25,2,6,184_,,1,20,0,-1,0,-1,0,-1,-1,0,86,86,153,-1,1,156,-1,162,-1,0,0,92,-1,177,-1,180,-1,182,-1,0,1,1
296,45301,1,19,2,6,184_,,1,15,0,-1,0,-1,0,-1,-1,0,86,86,153,-1,1,156,-1,162,-1,0,0,92,-1,177,-1,180,-1,182,-1,0,1,1
297,45302,0,-1,-1,-1,,,1,3,0,-1,0,-1,0,-1,-1,1,86,86,153,-1,1,54,-1,164,-1,1,0,167,-1,177,-1,180,-1,182,-1,0,1,1
298,45303,0,-1,-1,-1,,,1,7,0,-1,0,-1,0,-1,-1,1,86,86,153,-1,1,158,-1,164,-1,1,0,167,-1,177,-1,180,-1,182,-1,0,1,1
299,45304,0,-1,-1,-1,,,1,8,0,-1,0,-1,0,-1,-1,1,86,86,153,-1,1,158,-1,164,-1,0,0,92,-1,177,-1,180,-1,182,-1,0,1,1
300,45305,0,-1,-1,-1,,,1,6,0,-1,0,-1,0,-1,-1,1,86,86,153,-1,1,158,-1,164,-1,1,0,167,-1,177,-1,180,-1,182,-1,0,1,1
301,45306,0,-1,-1,-1,,,1,3,0,-1,0,-1,0,-1,-1,0,86,86,153,-1,1,156,-1,162,-1,0,0,92,-1,177,-1,180,-1,182,-1,0,2,2
302,45307,0,-1,-1,-1,,,1,3,0,-1,1,5,0,-1,-1,1,86,86,153,-1,1,156,-1,162,-1,0,0,167,-1,177,-1,180,-1,182,-1,0,2,2
303,45308,1,1,1,1,184_,,1,20,1,1,1,3,0,-1,-1,1,86,86,153,-1,1,156,-1,162,-1,0,0,92,-1,177,-1,180,-1,178,-1,0,1,1
304,45309,1,1,1,1,184_,,1,20,1,8,1,5,0,-1,-1,1,86,86,153,-1,1,156,-1,162,-1,0,0,92,-1,177,-1,180,-1,178,-1,0,3,2
305,45310,1,20,1,1,184_,,0,-1,1,10,1,2,0,-1,-1,2,86,86,153,-1,1,156,-1,162,-1,0,0,167,-1,177,-1,180,-1,182,-1,0,5,5
306,45311,1,15,11,1,184_,,1,8,1,10,1,2,0,-1,-1,0,86,86,153,-1,1,156,-1,162,-1,0,0,167,-1,177,-1,180,-1,182,-1,0,1,1
307,45312,1,25,1,1,184_,,1,12,1,8,1,2,0,-1,-1,0,86,86,153,-1,1,156,-1,162,-1,0,0,92,-1,177,-1,180,-1,182,-1,0,2,1
308,45313,0,-1,-1,-1,,,0,-1,0,-1,1,10,0,-1,-1,0,86,86,153,-1,1,161,-1,162,-1,0,0,167,-1,177,-1,180,-1,182,-1,0,2,2
309,45314,0,-1,-1,-1,,,0,-1,0,-1,1,8,0,-1,-1,0,86,86,153,-1,1,158,-1,164,-1,1,0,167,-1,177,-1,180,-1,182,-1,0,1,1
310,45315,0,-1,-1,-1,,,0,-1,0,-1,1,5,0,-1,-1,1,86,86,153,-1,1,158,-1,164,-1,1,0,167,-1,177,-1,180,-1,182,-1,0,1,1
311,45316,0,-1,-1,-1,,,0,-1,0,-1,1,5,0,-1,-1,2,86,86,153,-1,1,54,-1,162,-1,0,0,167,-1,177,-1,180,-1,182,-1,0,2,2
312,45317,0,-1,-1,-1,,,0,-1,0,-1,1,5,0,-1,-1,2,86,86,153,-1,1,156,-1,162,-1,0,0,167,-1,177,-1,180,-1,182,-1,0,1,1
313,45318,0,-1,-1,-1,,,0,-1,0,-1,1,8,0,-1,-1,1,86,86,153,-1,1,54,-1,164,-1,1,0,167,-1,177,-1,180,-1,182,-1,0,1,1
314,45319,0,-1,-1,-1,,,0,-1,0,-1,1,5,0,-1,-1,0,87,87,153,-1,1,161,-1,162,-1,0,0,92,-1,177,-1,180,-1,182,-1,0,1,1
315,45320,0,-1,-1,-1,,,0,-1,0,-1,1,10,0,-1,-1,2,86,86,153,-1,1,156,-1,162,-1,0,0,167,-1,177,-1,180,-1,182,-1,0,1,1
316,45321,0,-1,-1,-1,,,0,-1,0,-1,1,10,0,-1,-1,5,86,86,154,-1,0,158,-1,165,-1,1,0,167,-1,174,-1,180,-1,61,-1,1,3,2
317,45322,0,-1,-1,-1,,,1,25,1,5,1,15,0,-1,-1,2,86,86,153,-1,1,158,-1,164,-1,1,0,167,-1,177,-1,180,-1,182,-1,1,2,2
318,45323,0,-1,-1,-1,,,0,-1,1,24,1,10,0,-1,-1,1,86,86,153,-1,1,161,-1,164,-1,1,0,167,-1,177,-1,180,-1,182,-1,0,2,2
319,45324,0,-1,-1,-1,,,1,20,1,15,1,25,0,-1,-1,1,86,86,153,-1,1,156,-1,162,-1,0,0,92,-1,177,-1,180,-1,182,-1,0,2,2
320,45325,0,-1,-1,-1,,,1,15,1,20,1,20,0,-1,-1,0,86,86,153,-1,1,156,-1,162,-1,0,0,92,-1,177,-1,180,-1,182,-1,0,1,1
321,45326,0,-1,-1,-1,,,1,10,1,8,1,20,0,-1,-1,1,86,86,153,-1,1,158,-1,164,-1,1,0,167,-1,177,-1,180,-1,182,-1,1,2,2
322,45327,0,-1,-1,-1,,,1,25,0,-1,1,8,0,-1,-1,0,86,86,153,-1,1,161,-1,162,-1,0,0,167,-1,177,-1,180,-1,182,-1,0,1,1
323,45328,0,-1,-1,-1,,,1,15,1,11,1,12,0,-1,-1,0,86,86,153,-1,1,161,-1,164,-1,1,0,92,-1,177,-1,180,-1,182,-1,1,2,2
324,45329,0,-1,-1,-1,,,1,15,1,11,1,12,0,-1,-1,0,86,86,153,-1,1,161,-1,162,-1,0,1,167,-1,177,-1,180,-1,182,-1,0,2,2
325,45330,0,-1,-1,-1,,,1,15,1,11,1,12,0,-1,-1,0,86,86,153,-1,1,161,-1,164,-1,1,0,92,-1,177,-1,180,-1,182,-1,0,1,1
326,45331,0,-1,-1,-1,,,0,-1,1,7,1,16,0,-1,-1,1,86,86,153,-1,1,156,-1,162,-1,0,0,167,-1,177,-1,180,-1,182,-1,0,3,3
327,45332,0,-1,-1,-1,,,1,22,1,12,1,2,0,-1,-1,0,86,86,153,-1,1,161,-1,164,-1,1,1,167,-1,177,-1,180,-1,182,-1,0,4,2
328,45333,0,-1,-1,-1,,,1,20,1,2,1,1,0,-1,-1,1,86,86,153,-1,1,156,-1,162,-1,0,1,167,-1,174,-1,180,-1,182,-1,0,3,2
329,45334,0,-1,-1,-1,,,1,24,1,9,1,10,0,-1,-1,0,86,86,153,-1,1,156,-1,162,-1,0,1,167,-1,177,-1,180,-1,182,-1,0,2,1
330,45335,0,-1,-1,-1,,,1,24,1,9,1,10,0,-1,-1,0,86,86,153,-1,1,156,-1,162,-1,0,1,167,-1,177,-1,180,-1,182,-1,0,2,1
331,45336,0,-1,-1,-1,,,1,20,1,16,1,11,0,-1,-1,2,86,86,153,-1,1,54,-1,162,-1,0,1,167,-1,176,-1,180,-1,182,-1,0,2,1
332,45337,0,-1,-1,-1,,,1,20,1,16,1,11,0,-1,-1,1,86,86,153,-1,1,156,-1,162,-1,0,0,167,-1,176,-1,180,-1,182,-1,0,2,1
333,45338,0,-1,-1,-1,,,1,20,1,16,1,12,0,-1,-1,1,86,86,153,-1,1,156,-1,162,-1,0,1,167,-1,176,-1,180,-1,182,-1,0,2,1
334,45339,1,5,2,3,184_,,1,6,0,-1,1,12,0,-1,-1,1,86,86,153,-1,1,156,-1,162,-1,0,1,167,-1,176,-1,180,-1,182,-1,0,2,1
335,45340,1,5,2,3,184_,,1,6,0,-1,1,12,0,-1,-1,1,86,86,153,-1,1,156,-1,162,-1,0,0,167,-1,176,-1,180,-1,182,-1,0,2,1
336,45341,1,7,2,3,188_,,1,10,0,-1,1,13,0,-1,-1,0,86,86,153,-1,1,156,-1,162,-1,0,1,167,-1,177,-1,180,-1,182,-1,0,2,1
337,45342,1,3,3,3,188_,,1,6,0,-1,1,11,0,-1,-1,0,86,86,153,-1,1,161,-1,164,-1,0,1,92,-1,177,-1,180,-1,182,-1,0,3,2
338,45343,1,5,3,3,188_,,1,6,0,-1,1,10,0,-1,-1,2,86,86,153,-1,1,156,-1,162,-1,0,1,167,-1,177,-1,180,-1,182,-1,0,2,1
339,45344,1,15,3,3,184_,,1,8,0,-1,1,1,0,-1,-1,0,86,86,153,-1,1,161,-1,164,-1,0,1,167,-1,177,-1,180,-1,182,-1,0,4,2
340,45345,1,28,3,3,184_,,0,-1,0,-1,1,2,0,-1,-1,0,86,86,153,-1,1,156,-1,162,-1,0,1,167,-1,177,-1,180,-1,182,-1,0,2,1
341,45346,1,28,3,3,188_,N,0,-1,0,-1,1,2,0,-1,-1,0,86,86,153,-1,1,156,-1,162,-1,1,1,167,-1,177,-1,180,-1,182,-1,0,2,1
342,45347,1,30,2,3,184_,,0,-1,1,15,1,15,0,-1,-1,2,86,86,153,-1,1,158,-1,164,-1,1,0,167,-1,174,-1,180,-1,182,-1,1,9,6
343,45348,1,22,2,3,184_,,0,-1,0,-1,1,10,0,-1,-1,2,86,86,153,-1,1,156,-1,162,-1,0,0,167,-1,177,-1,180,-1,182,-1,1,3,3
344,45350,1,35,2,3,184_,,0,-1,0,-1,1,5,0,-1,-1,1,86,86,153,-1,1,156,-1,162,-1,0,0,92,-1,177,-1,180,-1,182,-1,0,1,1
345,45351,1,37,2,3,184_,,0,-1,1,5,1,7,0,-1,-1,1,86,86,153,-1,1,156,-1,162,-1,0,0,92,-1,177,-1,180,-1,182,-1,0,2,2
346,45352,1,10,3,3,184_,,0,-1,0,-1,1,5,0,-1,-1,0,86,86,153,-1,1,158,-1,165,-1,1,0,92,-1,177,-1,180,-1,182,-1,1,4,3
347,45353,1,15,1,1,188_,,0,-1,1,7,1,12,0,-1,-1,1,86,86,153,-1,1,161,-1,165,-1,1,0,92,-1,177,-1,180,-1,182,-1,0,2,2
348,45354,1,20,1,1,184_,,0,-1,1,6,1,6,0,-1,-1,0,86,86,153,-1,1,54,-1,165,-1,1,0,92,-1,177,-1,180,-1,182,-1,0,2,2
349,45355,0,-1,-1,-1,,,0,-1,1,16,1,6,0,-1,-1,0,86,86,153,-1,1,156,-1,162,-1,0,0,167,-1,177,-1,180,-1,182,-1,0,2,2
350,45356,0,-1,-1,-1,,,0,-1,1,16,1,20,0,-1,-1,0,86,86,153,-1,1,156,-1,162,-1,0,0,167,-1,177,-1,180,-1,182,-1,0,1,1
351,45357,0,-1,-1,-1,,,0,-1,1,5,1,8,0,-1,-1,0,86,86,153,-1,1,161,-1,164,-1,1,0,167,-1,177,-1,180,-1,182,-1,0,3,3
352,45358,0,-1,-1,-1,,,0,-1,1,20,1,5,0,-1,-1,0,86,86,153,-1,1,161,-1,164,-1,1,0,92,-1,177,-1,180,-1,182,-1,0,1,1
353,45359,0,-1,-1,-1,,,0,-1,1,20,1,5,0,-1,-1,1,86,86,153,-1,1,158,-1,164,-1,1,0,92,-1,177,-1,180,-1,182,-1,0,2,2
354,45360,0,-1,-1,-1,,,0,-1,1,22,1,7,0,-1,-1,0,86,86,153,-1,1,156,-1,162,-1,0,0,92,-1,177,-1,180,-1,182,-1,0,1,1
355,45361,1,40,3,1,188_,,0,-1,0,-1,1,7,0,-1,-1,1,86,86,153,-1,1,161,-1,164,-1,1,1,167,-1,174,-1,180,-1,182,-1,0,2,2
356,45362,1,40,1,3,188_,,0,-1,0,-1,1,7,0,-1,-1,1,86,86,153,-1,1,161,-1,164,-1,1,0,167,-1,174,-1,180,-1,182,-1,0,1,1
357,45363,0,-1,-1,-1,,,0,-1,0,-1,1,6,0,-1,-1,0,86,86,153,-1,1,156,-1,162,-1,0,0,169,-1,177,-1,180,-1,182,-1,0,2,2
358,45364,0,-1,-1,-1,,,0,-1,1,7,1,5,0,-1,-1,0,87,87,153,-1,1,156,-1,162,-1,0,1,92,-1,177,-1,180,-1,182,-1,0,1,1
359,45365,0,-1,-1,-1,,,0,-1,1,12,1,5,0,-1,-1,0,86,86,153,-1,1,156,-1,162,-1,0,0,92,-1,177,-1,180,-1,182,-1,0,2,2
360,45366,0,-1,-1,-1,,,0,-1,0,-1,1,5,0,-1,-1,0,86,86,153,-1,1,156,-1,162,-1,0,0,92,-1,177,-1,180,-1,182,-1,0,1,1
361,45367,0,-1,-1,-1,,,0,-1,0,-1,1,7,0,-1,-1,0,86,86,153,-1,1,156,-1,162,-1,0,0,169,-1,177,-1,180,-1,182,-1,0,2,2
362,45368,1,22,1,1,188_,,0,-1,0,-1,0,-1,0,-1,-1,0,86,86,153,-1,0,54,-1,164,-1,1,0,92,-1,177,-1,180,-1,182,-1,0,2,2
363,45369,1,22,1,1,188_,,0,-1,0,-1,0,-1,0,-1,-1,0,86,86,153,-1,0,54,-1,164,-1,1,1,92,-1,177,-1,180,-1,182,-1,1,2,2
364,45370,1,22,1,1,188_,,0,-1,0,-1,0,-1,1,5,1,1,86,86,153,-1,1,54,-1,164,-1,1,1,92,-1,177,-1,179,-1,182,-1,0,2,2
365,45371,1,22,1,1,188_,,0,-1,0,-1,1,23,0,-1,-1,2,86,86,153,-1,1,54,-1,164,-1,1,1,167,-1,177,-1,180,-1,182,-1,1,2,2
366,45372,1,30,1,1,188_,,0,-1,1,15,1,8,0,-1,-1,0,86,86,153,-1,1,54,-1,162,-1,0,0,92,-1,177,-1,180,-1,182,-1,0,2,2
367,45373,1,30,1,1,188_,,0,-1,1,8,1,7,0,-1,-1,0,86,86,153,-1,1,54,-1,162,-1,0,1,92,-1,177,-1,180,-1,182,-1,0,2,2
368,45374,0,-1,-1,-1,,,0,-1,1,5,1,15,0,-1,-1,1,86,86,153,-1,0,54,-1,165,-1,1,0,167,-1,177,-1,180,-1,182,-1,0,2,2
369,45375,0,-1,-1,-1,,,0,-1,0,-1,1,7,0,-1,-1,0,86,86,153,-1,0,158,-1,164,-1,1,0,167,-1,177,-1,180,-1,182,-1,0,2,2
370,45376,0,-1,-1,-1,,,0,-1,0,-1,1,6,0,-1,-1,1,86,86,153,-1,1,54,-1,162,-1,0,0,92,-1,177,-1,180,-1,182,-1,0,3,2
371,45377,0,-1,-1,-1,,,0,-1,0,-1,1,8,0,-1,-1,0,86,86,153,-1,1,156,-1,162,-1,0,0,92,-1,177,-1,180,-1,182,-1,0,1,1
372,45378,0,-1,-1,-1,,,0,-1,0,-1,1,7,0,-1,-1,1,86,86,153,-1,0,156,-1,162,-1,0,0,92,-1,177,-1,180,-1,182,-1,0,1,1
373,45379,0,-1,-1,-1,,,0,-1,0,-1,1,20,0,-1,-1,0,86,86,153,-1,0,158,-1,164,-1,1,0,167,-1,174,-1,180,-1,182,-1,0,2,1
374,45380,0,-1,-1,-1,,,1,24,1,24,1,8,0,-1,-1,0,86,86,153,-1,0,158,-1,164,-1,1,0,167,-1,176,-1,180,-1,182,-1,0,3,2
375,45381,0,-1,-1,-1,,,1,20,1,20,1,8,0,-1,-1,0,86,86,153,-1,0,156,-1,162,-1,0,0,167,-1,177,-1,180,-1,182,-1,0,3,2
376,45382,0,-1,-1,-1,,,0,-1,1,12,1,22,0,-1,-1,1,86,86,153,-1,0,54,-1,162,-1,0,0,167,-1,177,-1,180,-1,182,-1,0,1,1
377,45383,0,-1,-1,-1,,,0,-1,1,15,1,23,0,-1,-1,1,86,86,153,-1,0,54,-1,162,-1,0,0,167,-1,177,-1,180,-1,182,-1,0,1,1
378,45384,0,-1,-1,-1,,,0,-1,1,6,1,15,0,-1,-1,1,86,86,153,-1,0,54,-1,165,-1,1,0,92,-1,177,-1,180,-1,182,-1,0,3,2
379,45385,0,-1,-1,-1,,,0,-1,1,10,1,15,0,-1,-1,0,86,86,153,-1,1,156,-1,162,-1,0,0,167,-1,177,-1,180,-1,182,-1,0,1,1
380,45386,0,-1,-1,-1,,,0,-1,1,10,1,15,0,-1,-1,2,86,86,153,-1,1,54,-1,165,-1,1,0,167,-1,174,-1,180,-1,182,-1,1,2,2
381,45387,0,-1,-1,-1,,,0,-1,1,10,1,15,0,-1,-1,2,86,86,153,-1,1,158,-1,165,-1,1,0,167,-1,174,-1,180,-1,182,-1,1,2,1
382,45388,0,-1,-1,-1,,,0,-1,1,12,1,12,0,-1,-1,0,86,86,153,-1,1,54,-1,162,-1,0,0,92,-1,177,-1,180,-1,182,-1,0,2,1
383,45389,0,-1,-1,-1,,,0,-1,1,10,1,12,0,-1,-1,2,86,86,153,-1,1,158,-1,164,-1,1,1,167,-1,177,-1,180,-1,182,-1,0,3,3
384,45390,1,35,2,3,184_,,1,6,0,-1,1,12,0,-1,-1,0,86,86,153,-1,1,161,-1,164,-1,1,0,92,-1,177,-1,180,-1,182,-1,0,2,2
385,45391,1,35,2,3,184_,,0,-1,1,10,1,10,0,-1,-1,0,86,86,153,-1,1,158,-1,164,-1,1,0,92,-1,177,-1,180,-1,182,-1,0,1,1
386,45392,1,15,2,3,184_,,0,-1,1,12,1,15,0,-1,-1,1,86,86,153,-1,1,54,-1,164,-1,1,0,167,-1,177,-1,180,-1,182,-1,0,2,1
387,45393,1,37,2,3,184_,,0,-1,1,12,1,12,0,-1,-1,0,86,86,153,-1,1,54,-1,164,-1,1,0,167,-1,177,-1,180,-1,182,-1,0,2,2
388,45394,1,40,2,3,184_,,0,-1,1,20,1,2,0,-1,-1,2,86,86,153,-1,1,158,-1,164,-1,1,0,92,-1,177,-1,180,-1,182,-1,0,2,2
389,45395,1,10,2,3,184_,,0,-1,1,10,1,2,0,-1,-1,6,86,86,155,-1,0,158,-1,165,-1,1,0,167,-1,174,-1,180,-1,182,-1,1,7,4
390,45396,1,25,2,3,184_,,1,20,1,10,1,8,0,-1,-1,2,86,86,155,-1,0,158,-1,165,-1,1,0,167,-1,174,-1,180,-1,182,-1,1,2,2
391,45397,1,25,2,3,188_,,1,20,1,22,1,10,0,-1,-1,1,86,86,153,-1,1,158,-1,164,-1,1,0,167,-1,174,-1,180,-1,182,-1,1,2,2
392,45398,1,22,2,3,184_,,1,15,1,12,1,15,0,-1,-1,3,86,86,155,-1,1,158,-1,165,-1,1,0,167,-1,174,-1,180,-1,182,-1,1,3,2
393,45399,1,5,2,2,184_,,0,-1,1,5,1,18,0,-1,-1,4,86,86,155,-1,0,158,-1,165,-1,1,0,167,-1,174,-1,180,-1,182,-1,1,7,4
394,45400,1,20,2,2,184_,,1,10,1,8,1,20,0,-1,-1,2,86,86,153,-1,1,54,-1,164,-1,1,0,167,-1,177,-1,180,-1,182,-1,0,1,1
395,45401,1,20,2,2,184_,,1,10,1,15,1,15,0,-1,-1,1,86,86,153,-1,1,156,-1,162,-1,0,0,167,-1,177,-1,180,-1,182,-1,0,1,1
396,45402,1,15,2,2,184_,,1,15,1,10,1,15,0,-1,-1,0,86,86,153,-1,1,54,-1,164,-1,1,0,167,-1,177,-1,180,-1,182,-1,0,1,1
397,45403,1,25,2,2,184_,,1,10,0,-1,1,20,0,-1,-1,0,86,86,153,-1,1,54,-1,164,-1,1,0,167,-1,177,-1,180,-1,182,-1,1,4,4
398,45404,1,45,2,2,184_,,1,22,0,-1,0,-1,0,-1,-1,1,86,86,153,-1,1,161,-1,162,-1,1,0,167,-1,177,-1,180,-1,182,-1,0,2,2
399,45405,1,35,2,2,184_,,0,-1,0,-1,0,-1,0,-1,-1,2,86,86,153,-1,1,54,-1,164,-1,1,0,167,-1,177,-1,180,-1,182,-1,1,3,3
400,45406,1,40,2,2,184_,,1,22,0,-1,0,-1,0,-1,-1,2,86,86,153,-1,1,156,-1,162,-1,0,0,92,-1,177,-1,180,-1,182,-1,0,1,1
401,45407,1,45,2,2,184_,,1,22,0,-1,0,-1,0,-1,-1,3,86,86,153,-1,1,157,-1,164,-1,1,0,167,-1,177,-1,180,-1,182,-1,0,3,3
402,45408,1,42,3,4,188_,,0,-1,1,15,1,2,0,-1,-1,3,86,86,153,-1,1,161,-1,162,-1,1,1,167,-1,177,-1,180,-1,61,-1,1,2,2
403,45409,1,42,3,4,188_,,0,-1,0,-1,1,17,0,-1,-1,1,86,86,153,-1,1,158,-1,164,-1,1,0,167,-1,177,-1,180,-1,61,-1,1,3,2
404,45410,0,-1,-1,-1,,,0,-1,0,-1,1,17,0,-1,-1,1,86,86,153,-1,1,161,-1,162,-1,0,0,167,-1,177,-1,180,-1,182,-1,0,4,2
405,45411,0,-1,-1,-1,,,0,-1,0,-1,1,5,0,-1,-1,1,86,86,153,-1,1,161,-1,164,-1,1,0,167,-1,177,-1,180,-1,182,-1,0,3,2
406,45412,0,-1,-1,-1,,,0,-1,0,-1,1,15,0,-1,-1,0,86,86,153,-1,1,156,-1,162,-1,0,1,167,-1,176,-1,180,-1,182,-1,0,4,3
407,45413,0,-1,-1,-1,,,0,-1,0,-1,1,20,0,-1,-1,0,86,86,153,-1,1,161,-1,162,-1,0,1,167,-1,176,-1,180,-1,182,-1,0,3,3
408,45414,0,-1,-1,-1,,,0,-1,0,-1,1,22,0,-1,-1,1,86,86,153,-1,1,158,-1,164,-1,0,0,167,-1,177,-1,180,-1,182,-1,0,3,2
409,45415,0,-1,-1,-1,,,0,-1,0,-1,1,18,0,-1,-1,1,86,86,153,-1,1,161,-1,164,-1,1,0,167,-1,177,-1,180,-1,182,-1,0,3,2
410,45416,0,-1,-1,-1,,,0,-1,0,-1,1,20,0,-1,-1,0,86,86,153,-1,1,54,-1,163,-1,0,1,92,-1,174,-1,180,-1,61,-1,1,2,1
411,45417,0,-1,-1,-1,,,0,-1,0,-1,1,20,0,-1,-1,0,86,86,153,-1,1,54,-1,163,-1,0,1,92,-1,174,-1,180,-1,182,-1,1,2,1
412,45418,0,-1,-1,-1,,,0,-1,0,-1,1,20,0,-1,-1,0,86,86,153,-1,1,54,-1,163,-1,0,1,92,-1,174,-1,180,-1,182,-1,0,2,1
413,45419,1,40,2,3,188_,,0,-1,0,-1,1,21,0,-1,-1,0,86,86,153,-1,1,54,-1,164,-1,0,1,92,-1,177,-1,180,-1,182,-1,0,2,1
414,45420,1,18,3,4,184_,,1,22,0,-1,1,18,0,-1,-1,1,86,86,153,-1,1,156,-1,162,-1,0,1,92,-1,177,-1,180,-1,182,-1,0,1,1
415,45421,1,12,3,4,184_,,1,18,0,-1,1,3,0,-1,-1,1,86,86,153,-1,1,156,-1,162,-1,0,1,167,-1,177,-1,180,-1,182,-1,0,3,2
416,45422,1,12,3,4,184_,,1,18,0,-1,1,3,0,-1,-1,0,86,86,153,-1,1,54,-1,164,-1,0,1,167,-1,177,-1,180,-1,182,-1,0,2,1
417,45423,1,13,3,4,184_,,1,18,1,4,1,2,0,-1,-1,0,86,86,153,-1,1,6,,164,-1,1,0,167,-1,177,-1,180,-1,182,-1,1,2,1
418,45424,1,13,3,4,188_,,1,18,1,4,1,2,0,-1,-1,0,86,86,153,-1,1,161,-1,164,-1,1,0,167,-1,177,-1,180,-1,182,-1,0,2,1
419,45425,1,12,3,4,184_,,1,18,1,5,1,3,0,-1,-1,1,86,86,153,-1,1,54,-1,164,-1,0,0,167,-1,177,-1,180,-1,182,-1,0,2,1
420,45426,1,12,3,4,"184_ 188,",,1,18,1,4,1,3,0,-1,-1,0,86,86,153,-1,1,54,-1,164,-1,0,0,167,-1,177,-1,180,-1,182,-1,0,2,1
421,45427,1,15,3,4,184_,,1,10,1,8,1,11,0,-1,-1,1,86,86,153,-1,1,158,-1,164,-1,1,0,167,-1,174,-1,180,-1,61,-1,1,3,2
422,45428,0,-1,-1,-1,,,1,2,0,-1,1,8,0,-1,-1,1,86,86,153,-1,1,156,-1,162,-1,0,1,167,-1,177,-1,180,-1,182,-1,0,2,2
423,45429,0,-1,-1,-1,,,1,6,0,-1,1,7,0,-1,-1,0,86,86,153,-1,1,54,-1,164,-1,0,0,92,-1,177,-1,180,-1,182,-1,0,1,1
424,45430,0,-1,-1,-1,,,1,5,0,-1,1,6,0,-1,-1,0,86,86,153,-1,1,54,-1,162,-1,0,0,92,-1,177,-1,180,-1,182,-1,0,1,1
425,45431,0,-1,-1,-1,,,0,-1,0,-1,1,6,0,-1,-1,1,86,86,153,-1,1,54,-1,162,-1,0,0,92,-1,177,-1,180,-1,182,-1,0,2,2
426,45432,0,-1,-1,-1,,,1,15,0,-1,1,10,0,-1,-1,1,86,86,153,-1,1,161,-1,162,-1,0,0,92,-1,177,-1,180,-1,182,-1,0,2,2
427,45433,0,-1,-1,-1,,,1,13,0,-1,1,6,0,-1,-1,0,86,86,153,-1,1,161,-1,162,-1,0,0,92,-1,177,-1,180,-1,182,-1,0,1,1
428,45434,0,-1,-1,-1,,,0,-1,1,9,1,7,0,-1,-1,1,86,86,153,-1,1,54,-1,162,-1,0,0,92,-1,177,-1,180,-1,182,-1,0,2,2
429,45435,0,-1,-1,-1,,,1,3,0,-1,1,5,0,-1,-1,1,86,86,153,-1,1,54,-1,162,-1,0,0,92,-1,177,-1,180,-1,182,-1,0,2,1
430,45436,0,-1,-1,-1,,,1,6,0,-1,1,3,0,-1,-1,0,86,86,153,-1,1,161,-1,162,-1,0,0,92,-1,177,-1,180,-1,182,-1,0,1,1
431,45437,0,-1,-1,-1,,,1,7,0,-1,0,-1,0,-1,-1,0,86,86,153,-1,1,158,-1,164,-1,1,0,167,-1,174,-1,180,-1,182,-1,0,5,4
432,45438,0,-1,-1,-1,,,0,-1,0,-1,1,4,0,-1,-1,0,86,86,153,-1,1,54,-1,164,-1,1,0,167,-1,177,-1,180,-1,182,-1,0,1,1
433,45439,0,-1,-1,-1,,,0,-1,0,-1,1,10,0,-1,-1,3,86,86,155,-1,0,158,-1,165,-1,1,0,167,-1,174,-1,180,-1,182,-1,1,2,2
434,45440,0,-1,-1,-1,,,0,-1,0,-1,1,4,0,-1,-1,0,86,86,155,-1,0,158,-1,165,-1,1,0,167,-1,174,-1,180,-1,182,-1,1,2,2
435,45441,0,-1,-1,-1,,,0,-1,0,-1,1,5,0,-1,-1,1,86,86,155,-1,0,158,-1,165,-1,1,0,167,-1,174,-1,180,-1,182,-1,1,2,2
436,45442,0,-1,-1,-1,,,0,-1,1,10,1,15,0,-1,-1,3,86,86,153,-1,1,158,-1,164,-1,1,1,167,-1,174,-1,180,-1,182,-1,1,4,4
437,45443,0,-1,-1,-1,,,0,-1,1,5,1,15,0,-1,-1,0,86,86,153,-1,1,161,-1,162,-1,0,0,167,-1,177,-1,180,-1,182,-1,0,2,1
438,45444,0,-1,-1,-1,,,0,-1,1,6,1,15,0,-1,-1,0,86,86,153,-1,1,156,-1,162,-1,0,0,167,-1,177,-1,180,-1,182,-1,0,3,3
439,45445,0,-1,-1,-1,,,0,-1,0,-1,1,5,0,-1,-1,1,86,86,155,-1,0,158,-1,165,-1,1,0,167,-1,174,-1,180,-1,182,-1,1,2,2
440,45446,0,-1,-1,-1,,,0,-1,1,7,1,10,0,-1,-1,0,86,86,153,-1,1,158,-1,165,-1,1,0,167,-1,177,-1,180,-1,182,-1,0,1,1
441,45447,0,-1,-1,-1,,,0,-1,1,8,1,10,0,-1,-1,0,86,86,153,-1,1,158,-1,165,-1,1,0,167,-1,177,-1,180,-1,182,-1,0,1,1
442,45448,0,-1,-1,-1,,,0,-1,0,-1,1,12,0,-1,-1,2,86,86,153,-1,0,158,-1,164,-1,1,1,167,-1,174,-1,180,-1,182,-1,1,8,2
443,45449,0,-1,-1,-1,,,1,10,1,10,1,7,0,-1,-1,2,86,87,153,-1,1,161,-1,162,-1,0,0,167,-1,176,-1,180,-1,182,-1,1,2,2
444,45450,0,-1,-1,-1,,,0,-1,1,22,1,24,1,40,1,2,86,87,153,-1,1,158,-1,164,-1,1,1,167,-1,177,-1,180,-1,182,-1,0,5,2
445,45451,0,-1,-1,-1,,,0,-1,1,15,1,20,1,4,1,0,86,87,153,-1,1,54,-1,162,-1,0,1,92,-1,177,-1,180,-1,182,-1,0,3,2
446,45452,0,-1,-1,-1,,,0,-1,1,3,1,5,1,45,1,0,86,87,153,-1,1,156,-1,162,-1,0,1,92,-1,177,-1,180,-1,182,-1,0,2,2
447,45453,0,-1,-1,-1,,,0,-1,1,2,0,-1,1,49,1,0,86,87,153,-1,1,161,-1,162,-1,0,1,167,-1,177,-1,180,-1,182,-1,0,2,1
448,45454,0,-1,-1,-1,,,1,22,1,20,1,20,0,-1,-1,0,86,87,153,-1,1,54,-1,164,-1,0,1,167,-1,177,-1,180,-1,182,-1,0,3,2
449,45455,0,-1,-1,-1,,,1,22,1,20,1,20,0,-1,-1,0,86,87,153,-1,1,156,-1,162,-1,0,1,92,-1,177,-1,180,-1,182,-1,0,3,2
450,45456,0,-1,-1,-1,,,1,20,1,18,1,15,0,-1,-1,0,86,87,153,-1,1,54,-1,164,-1,0,1,92,-1,177,-1,180,-1,182,-1,0,2,1
451,45457,0,-1,-1,-1,,,1,3,1,10,1,3,0,-1,-1,0,86,87,153,-1,1,54,-1,164,-1,0,1,92,-1,177,-1,180,-1,182,-1,0,1,1
452,45458,0,-1,-1,-1,,,1,3,1,10,1,3,0,-1,-1,0,86,87,153,-1,1,54,-1,164,-1,0,1,92,-1,177,-1,180,-1,182,-1,0,1,1
453,45459,0,-1,-1,-1,,,1,3,1,10,1,3,0,-1,-1,1,86,87,153,-1,1,54,-1,164,-1,0,1,167,-1,177,-1,180,-1,182,-1,0,1,1
454,45460,0,-1,-1,-1,,,1,8,1,20,1,10,1,48,1,1,86,87,153,-1,1,54,-1,162,-1,0,1,167,-1,177,-1,180,-1,182,-1,0,2,1
455,45461,0,-1,-1,-1,,,1,8,1,20,1,10,1,48,1,1,86,87,153,-1,1,54,-1,162,-1,0,1,92,-1,177,-1,180,-1,182,-1,0,1,1
456,45462,0,-1,-1,-1,,,0,-1,1,2,1,2,1,20,1,0,86,87,153,-1,1,54,-1,164,-1,1,1,167,-1,177,-1,180,-1,182,-1,0,3,2
457,45463,0,-1,-1,-1,,,0,-1,1,2,1,2,1,20,1,1,86,87,153,-1,1,54,-1,164,-1,1,1,92,-1,177,-1,180,-1,182,-1,0,1,1
458,45464,0,-1,-1,-1,,,0,-1,1,5,1,10,1,30,1,0,86,87,153,-1,1,156,-1,162,-1,0,1,92,-1,177,-1,180,-1,182,-1,0,2,2
459,45465,0,-1,-1,-1,,,0,-1,1,5,1,10,1,30,1,0,86,87,153,-1,1,156,-1,162,-1,0,0,92,-1,177,-1,180,-1,182,-1,0,1,1
460,45466,0,-1,-1,-1,,,0,-1,1,20,1,4,1,45,35,0,86,86,153,-1,1,161,-1,164,-1,0,1,167,-1,177,-1,180,-1,182,-1,0,4,2
461,45467,0,-1,-1,-1,,,0,-1,1,20,1,4,1,45,35,1,86,86,153,-1,1,161,-1,164,-1,0,0,167,-1,177,-1,180,-1,182,-1,0,2,1
462,45468,1,42,2,8,184_,LEAVES USED IN BOILS,0,-1,1,2,1,10,1,5,1,2,86,86,153,-1,1,54,-1,164,-1,1,1,167,-1,176,-1,180,-1,182,-1,0,3,2
463,45469,1,45,2,8,188_,,0,-1,1,5,1,2,1,3,1,0,86,86,153,-1,1,54,-1,162,-1,0,0,167,-1,177,-1,180,-1,182,-1,0,3,2
464,45470,1,15,2,8,184_,,0,-1,1,20,1,8,1,10,1,1,86,86,153,-1,1,156,-1,162,-1,0,1,167,-1,177,-1,180,-1,182,-1,0,1,1
465,45471,1,17,2,8,184_,,0,-1,1,6,1,2,1,27,1,0,86,86,153,-1,1,54,-1,162,-1,0,0,92,-1,177,-1,180,-1,178,-1,0,1,1
466,45472,1,13,2,8,184_,,0,-1,1,2,1,4,1,23,1,2,86,86,155,-1,0,158,-1,165,-1,1,1,167,-1,174,-1,180,-1,182,-1,0,5,3
467,45473,0,-1,-1,-1,,,0,-1,1,9,1,2,0,-1,-1,0,86,86,153,-1,1,54,-1,164,-1,1,0,167,-1,177,-1,180,-1,182,-1,0,1,1
468,45474,0,-1,-1,-1,,,0,-1,1,20,1,5,0,-1,-1,3,86,86,153,-1,1,161,-1,164,-1,1,0,167,-1,177,-1,180,-1,182,-1,0,2,2
469,45475,0,-1,-1,-1,,,0,-1,1,20,1,5,0,-1,-1,0,86,86,153,-1,1,161,-1,164,-1,1,0,92,-1,177,-1,180,-1,182,-1,0,1,1
470,45476,0,-1,-1,-1,,,0,-1,1,15,1,8,0,-1,-1,1,86,86,153,-1,1,54,-1,165,-1,1,1,92,-1,177,-1,180,-1,182,-1,0,1,1
471,45477,0,-1,-1,-1,,,0,-1,1,20,1,2,0,-1,-1,0,86,86,155,-1,0,160,-1,165,-1,1,0,92,-1,177,-1,180,-1,182,-1,0,3,2
472,45478,0,-1,-1,-1,,,0,-1,1,10,1,15,0,-1,-1,1,86,86,155,-1,0,158,-1,165,-1,1,0,167,-1,174,-1,180,-1,182,-1,0,2,2
473,45480,0,-1,-1,-1,,,0,-1,1,10,1,15,0,-1,-1,1,86,86,153,-1,1,158,-1,165,-1,1,0,92,-1,174,-1,180,-1,182,-1,0,1,1
474,45481,0,-1,-1,-1,,,0,-1,1,10,1,15,0,-1,-1,1,86,86,153,-1,1,158,-1,165,-1,1,0,92,-1,174,-1,180,-1,182,-1,0,1,1
475,45482,0,-1,-1,-1,,,0,-1,1,8,1,3,0,-1,-1,2,86,86,153,-1,1,158,-1,165,-1,1,1,167,-1,177,-1,180,-1,182,-1,0,2,2
476,45483,1,37,2,8,184_,,0,-1,1,10,1,6,0,-1,-1,1,86,86,153,-1,1,158,-1,164,-1,1,1,167,-1,174,-1,180,-1,182,-1,0,2,2
477,45484,1,25,2,8,184_,,0,-1,1,5,1,5,1,40,1,1,86,86,153,-1,1,54,-1,165,-1,0,1,167,-1,177,-1,180,-1,182,-1,0,2,1
478,45485,1,5,2,8,184_,LEAVES USED IN BOILS,0,-1,1,20,1,1,1,37,1,2,86,86,153,-1,1,158,-1,164,-1,1,0,92,-1,177,-1,180,-1,182,-1,0,2,2
479,45486,1,8,2,8,184_,,0,-1,1,15,1,3,1,35,1,1,86,86,153,-1,1,158,-1,164,-1,1,0,167,-1,177,-1,180,-1,182,-1,0,1,1
480,45487,1,38,2,8,188_,,0,-1,1,8,1,7,1,10,1,2,86,86,153,-1,1,158,-1,164,-1,1,0,167,-1,176,-1,180,-1,182,-1,0,2,2
481,45488,0,-1,-1,-1,,,0,-1,1,20,1,8,1,10,19,0,86,86,153,-1,1,161,-1,164,-1,1,0,167,-1,177,-1,180,-1,182,-1,0,2,2
482,45489,0,-1,-1,-1,,,0,-1,1,10,1,10,1,10,18,0,86,86,153,-1,1,161,-1,164,-1,1,0,92,-1,177,-1,180,-1,182,-1,0,2,2
483,45490,0,-1,-1,-1,,,0,-1,1,8,1,8,1,10,18,0,86,86,153,-1,1,161,-1,164,-1,1,0,92,-1,177,-1,180,-1,182,-1,0,2,1
484,45491,0,-1,-1,-1,,,0,-1,1,5,1,5,1,8,18,2,86,86,153,-1,1,156,-1,162,-1,0,0,92,-1,177,-1,180,-1,182,-1,0,2,1
485,45492,0,-1,-1,-1,,,0,-1,1,15,1,10,1,12,30,1,86,86,153,-1,1,156,-1,162,-1,0,0,92,-1,177,-1,180,-1,182,-1,0,1,1
486,45493,0,-1,-1,-1,,,0,-1,1,15,1,10,1,12,30,0,86,86,153,-1,1,156,-1,162,-1,0,0,92,-1,177,-1,180,-1,182,-1,0,1,1
487,45494,0,-1,-1,-1,,,0,-1,1,12,1,8,1,25,43,1,86,86,153,-1,1,54,-1,164,-1,1,0,167,-1,177,-1,180,-1,182,-1,0,2,2
488,45495,0,-1,-1,-1,,,0,-1,1,15,1,18,1,30,48,2,86,86,153,-1,1,54,-1,164,-1,1,0,167,-1,177,-1,180,-1,182,-1,0,1,1
489,45496,0,-1,-1,-1,,,0,-1,1,5,1,10,1,45,63,2,86,86,153,-1,1,156,-1,162,-1,0,0,92,-1,177,-1,180,-1,182,-1,0,3,2
490,45497,0,-1,-1,-1,,,0,-1,1,15,1,10,1,40,48,1,86,86,153,-1,1,54,-1,164,-1,1,0,92,-1,177,-1,180,-1,182,-1,0,2,1
491,45498,0,-1,-1,-1,,,0,-1,1,15,1,10,1,30,48,0,86,86,153,-1,1,54,-1,164,-1,1,0,92,-1,177,-1,180,-1,182,-1,0,1,1
492,45499,0,-1,-1,-1,,,0,-1,0,-1,1,10,1,10,18,1,86,86,153,-1,1,156,-1,164,-1,0,0,167,-1,177,-1,180,-1,182,-1,0,1,1
