ID,SURVTIME,CENSORED,TREATMENT
1,6,0,6-MP
2,6,0,6-MP
3,6,0,6-MP
4,7,0,6-MP
5,10,0,6-MP
6,13,0,6-MP
7,16,0,6-MP
8,22,0,6-MP
9,23,0,6-MP
10,6,1,6-MP
11,9,1,6-MP
12,10,1,6-MP
13,11,1,6-MP
14,17,1,6-MP
15,19,1,6-MP
16,20,1,6-MP
17,25,1,6-MP
18,32,1,6-MP
19,32,1,6-MP
20,34,1,6-MP
21,35,1,6-MP
22,1,0,Placebo
23,1,0,Placebo
24,2,0,Placebo
25,2,0,Placebo
26,3,0,Placebo
27,4,0,Placebo
28,4,0,Placebo
29,5,0,Placebo
30,5,0,Placebo
31,8,0,Placebo
32,8,0,Placebo
33,8,0,Placebo
34,8,0,Placebo
35,11,0,Placebo
36,11,0,Placebo
37,12,0,Placebo
38,12,0,Placebo
39,15,0,Placebo
40,17,0,Placebo
41,22,0,Placebo
42,23,0,Placebo
